Price,Close,High,Low,Open,Volume,Symbol,Security,GICS Sector,GICS Sub-Industry,Headquarters Location,Date Added,CIK,Founded
Ticker,GEHC,GEHC,GEHC,GEHC,GEHC,,,,,,,,
Date,,,,,,,,,,,,,
2022-12-15,59.816558837890625,62.807386779785155,59.816558837890625,62.807386779785155,1318200,GEHC,GE HealthCare,Health Care,Health Care Equipment,"Chicago, Illinois",2023-01-04,1932393,1994
2022-12-16,56.5665283203125,59.81655972539021,54.831846414941026,59.81655972539021,2307500,GEHC,GE HealthCare,Health Care,Health Care Equipment,"Chicago, Illinois",2023-01-04,1932393,1994
2022-12-19,56.32725524902344,58.80964392359859,52.837956251296326,52.837956251296326,117200,GEHC,GE HealthCare,Health Care,Health Care Equipment,"Chicago, Illinois",2023-01-04,1932393,1994
2022-12-20,57.035091400146484,57.82267705203178,56.58646642103242,57.82267705203178,22200,GEHC,GE HealthCare,Health Care,Health Care Equipment,"Chicago, Illinois",2023-01-04,1932393,1994
2022-12-21,56.785858154296875,66.07736428447606,55.330322651332516,58.81962227799312,290700,GEHC,GE HealthCare,Health Care,Health Care Equipment,"Chicago, Illinois",2023-01-04,1932393,1994
2022-12-22,57.42389678955078,60.832446334288335,56.825732703360785,58.2513610385826,3253200,GEHC,GE HealthCare,Health Care,Health Care Equipment,"Chicago, Illinois",2023-01-04,1932393,1994
2022-12-23,57.32420349121094,60.460585037909404,56.825732156504756,57.91239981828561,125800,GEHC,GE HealthCare,Health Care,Health Care Equipment,"Chicago, Illinois",2023-01-04,1932393,1994
2022-12-27,57.274356842041016,58.80964945825769,57.19958538158891,57.802735237309506,26500,GEHC,GE HealthCare,Health Care,Health Care Equipment,"Chicago, Illinois",2023-01-04,1932393,1994
2022-12-28,57.32420349121094,57.82267482591712,56.825732156504756,57.75288914330101,514800,GEHC,GE HealthCare,Health Care,Health Care Equipment,"Chicago, Illinois",2023-01-04,1932393,1994
2022-12-29,57.82267761230469,58.60029171494735,57.57344193294131,58.321148971031455,374800,GEHC,GE HealthCare,Health Care,Health Care Equipment,"Chicago, Illinois",2023-01-04,1932393,1994
2022-12-30,58.201515197753906,58.8196185995435,57.553500929256984,58.56041517396547,351100,GEHC,GE HealthCare,Health Care,Health Care Equipment,"Chicago, Illinois",2023-01-04,1932393,1994
2023-01-03,55.82878875732422,60.49448069342907,55.69918514714507,60.49448069342907,1794100,GEHC,GE HealthCare,Health Care,Health Care Equipment,"Chicago, Illinois",2023-01-04,1932393,1994
2023-01-04,60.30506896972656,60.5243937899318,53.336437433574666,53.964512434558095,33338500,GEHC,GE HealthCare,Health Care,Health Care Equipment,"Chicago, Illinois",2023-01-04,1932393,1994
2023-01-05,58.819618225097656,62.78744964222315,57.9622469102802,60.454603614733486,8850600,GEHC,GE HealthCare,Health Care,Health Care Equipment,"Chicago, Illinois",2023-01-04,1932393,1994
2023-01-06,58.769771575927734,59.75674269656204,57.69307165919812,59.49753927385001,5902600,GEHC,GE HealthCare,Health Care,Health Care Equipment,"Chicago, Illinois",2023-01-04,1932393,1994
2023-01-09,57.922367095947266,59.796620363899535,57.55349937614373,58.61025996613442,5288900,GEHC,GE HealthCare,Health Care,Health Care Equipment,"Chicago, Illinois",2023-01-04,1932393,1994
2023-01-10,59.816558837890625,59.87637676582089,57.87750569313842,58.96915910890093,6663000,GEHC,GE HealthCare,Health Care,Health Care Equipment,"Chicago, Illinois",2023-01-04,1932393,1994
2023-01-11,64.79130554199219,66.1770553206993,59.89133494089426,60.25521690567349,9219400,GEHC,GE HealthCare,Health Care,Health Care Equipment,"Chicago, Illinois",2023-01-04,1932393,1994
2023-01-12,65.44929504394531,66.31663039486912,63.465377237933104,65.88794469512328,5819800,GEHC,GE HealthCare,Health Care,Health Care Equipment,"Chicago, Illinois",2023-01-04,1932393,1994
2023-01-13,65.23992156982422,65.29973568765745,63.54511850892708,64.80126442286617,3772100,GEHC,GE HealthCare,Health Care,Health Care Equipment,"Chicago, Illinois",2023-01-04,1932393,1994
2023-01-17,63.136383056640625,65.5290470593773,63.066593568804386,63.744514909478625,3774600,GEHC,GE HealthCare,Health Care,Health Care Equipment,"Chicago, Illinois",2023-01-04,1932393,1994
2023-01-18,61.89020538330078,63.30586220881288,61.80048038710391,63.00678015583487,2610300,GEHC,GE HealthCare,Health Care,Health Care Equipment,"Chicago, Illinois",2023-01-04,1932393,1994
2023-01-19,63.7445182800293,64.30280759099715,61.11259001967405,61.142500888338176,2585600,GEHC,GE HealthCare,Health Care,Health Care Equipment,"Chicago, Illinois",2023-01-04,1932393,1994
2023-01-20,66.56586456298828,67.61265750065563,63.34574371607907,63.764457848718166,4001600,GEHC,GE HealthCare,Health Care,Health Care Equipment,"Chicago, Illinois",2023-01-04,1932393,1994
2023-01-23,69.30744171142578,69.69625629779794,66.57382850444665,67.14407823515499,3724100,GEHC,GE HealthCare,Health Care,Health Care Equipment,"Chicago, Illinois",2023-01-04,1932393,1994
2023-01-24,69.38721466064453,70.414064487744,68.4999362116322,68.81895759098417,2591000,GEHC,GE HealthCare,Health Care,Health Care Equipment,"Chicago, Illinois",2023-01-04,1932393,1994
2023-01-25,68.49993133544922,69.48690246911322,66.74531007088169,68.25069566288272,2802100,GEHC,GE HealthCare,Health Care,Health Care Equipment,"Chicago, Illinois",2023-01-04,1932393,1994
2023-01-26,69.00837707519531,69.23766964398759,67.59272022225443,68.30054864872487,2075900,GEHC,GE HealthCare,Health Care,Health Care Equipment,"Chicago, Illinois",2023-01-04,1932393,1994
2023-01-27,69.8657455444336,70.29443120539953,68.15100290056984,68.64947424559679,2810600,GEHC,GE HealthCare,Health Care,Health Care Equipment,"Chicago, Illinois",2023-01-04,1932393,1994
2023-01-30,71.2813949584961,73.72390125380744,67.71233867218073,68.20084601609766,4259900,GEHC,GE HealthCare,Health Care,Health Care Equipment,"Chicago, Illinois",2023-01-04,1932393,1994
2023-01-31,69.30744171142578,70.89756627229283,68.2905636720304,70.79289156547827,3084300,GEHC,GE HealthCare,Health Care,Health Care Equipment,"Chicago, Illinois",2023-01-04,1932393,1994
2023-02-01,69.79596710205078,70.52373108190055,67.32354562752072,68.78905275092464,2698700,GEHC,GE HealthCare,Health Care,Health Care Equipment,"Chicago, Illinois",2023-01-04,1932393,1994
2023-02-02,70.43399810791016,71.67020483550046,68.78904125239991,69.37723375132633,2776000,GEHC,GE HealthCare,Health Care,Health Care Equipment,"Chicago, Illinois",2023-01-04,1932393,1994
2023-02-03,70.33430480957031,70.41405443847445,68.88873344844714,69.41711181952132,3074900,GEHC,GE HealthCare,Health Care,Health Care Equipment,"Chicago, Illinois",2023-01-04,1932393,1994
2023-02-06,71.64029693603516,72.12879668777904,69.32739037303722,69.69626187884217,2227400,GEHC,GE HealthCare,Health Care,Health Care Equipment,"Chicago, Illinois",2023-01-04,1932393,1994
2023-02-07,71.41100311279297,71.97926014953941,70.88262469691442,71.36116054126,1932300,GEHC,GE HealthCare,Health Care,Health Care Equipment,"Chicago, Illinois",2023-01-04,1932393,1994
2023-02-08,69.95545959472656,71.20163783008681,69.80591668526966,70.9922807992745,1111900,GEHC,GE HealthCare,Health Care,Health Care Equipment,"Chicago, Illinois",2023-01-04,1932393,1994
2023-02-09,68.20084381103516,70.76298587211204,68.0014507364745,70.03521446058477,1186000,GEHC,GE HealthCare,Health Care,Health Care Equipment,"Chicago, Illinois",2023-01-04,1932393,1994
2023-02-10,69.02830505371094,69.32739088289492,67.9815198637042,67.99148381356002,1968100,GEHC,GE HealthCare,Health Care,Health Care Equipment,"Chicago, Illinois",2023-01-04,1932393,1994
2023-02-13,69.21773529052734,69.65639253354298,67.70238566039897,68.31051373903037,2223200,GEHC,GE HealthCare,Health Care,Health Care Equipment,"Chicago, Illinois",2023-01-04,1932393,1994
2023-02-14,72.38800811767578,72.94629358078848,68.50391575069025,68.73919428244045,3036000,GEHC,GE HealthCare,Health Care,Health Care Equipment,"Chicago, Illinois",2023-01-04,1932393,1994
2023-02-15,72.0988998413086,73.31517122113334,71.50073570866009,72.47773535056974,1773000,GEHC,GE HealthCare,Health Care,Health Care Equipment,"Chicago, Illinois",2023-01-04,1932393,1994
2023-02-16,70.6932144165039,71.60042836850732,70.12494974425844,71.38109974540968,1829400,GEHC,GE HealthCare,Health Care,Health Care Equipment,"Chicago, Illinois",2023-01-04,1932393,1994
2023-02-17,72.94629669189453,73.25535410592926,70.67326851677103,70.75302575949414,2408600,GEHC,GE HealthCare,Health Care,Health Care Equipment,"Chicago, Illinois",2023-01-04,1932393,1994
2023-02-21,72.24844360351562,72.87651480907999,72.02911497761609,72.397986539908,1835500,GEHC,GE HealthCare,Health Care,Health Care Equipment,"Chicago, Illinois",2023-01-04,1932393,1994
2023-02-22,71.72006225585938,72.7768191131492,70.62641596200987,72.04904757534717,2010200,GEHC,GE HealthCare,Health Care,Health Care Equipment,"Chicago, Illinois",2023-01-04,1932393,1994
2023-02-23,75.66795349121094,75.97700329851645,72.06200731465417,72.21853261452964,3763200,GEHC,GE HealthCare,Health Care,Health Care Equipment,"Chicago, Illinois",2023-01-04,1932393,1994
2023-02-24,74.78067779541016,75.53834880892063,73.99309211030598,74.61119174732401,2102900,GEHC,GE HealthCare,Health Care,Health Care Equipment,"Chicago, Illinois",2023-01-04,1932393,1994
2023-02-27,75.8075180053711,76.7446465054241,74.34201113182219,74.77069676417958,2139600,GEHC,GE HealthCare,Health Care,Health Care Equipment,"Chicago, Illinois",2023-01-04,1932393,1994
2023-02-28,75.76763916015625,76.10659600022298,75.06978236821382,75.80751777770561,3511800,GEHC,GE HealthCare,Health Care,Health Care Equipment,"Chicago, Illinois",2023-01-04,1932393,1994
2023-03-01,75.06978607177734,75.50843567432395,74.78067178483245,75.13957175441446,2534300,GEHC,GE HealthCare,Health Care,Health Care Equipment,"Chicago, Illinois",2023-01-04,1932393,1994
2023-03-02,74.8105697631836,75.23925536334444,74.27221987418616,74.56133412602189,1391900,GEHC,GE HealthCare,Health Care,Health Care Equipment,"Chicago, Illinois",2023-01-04,1932393,1994
2023-03-03,76.13652038574219,76.66489882509167,74.89034195102376,75.29908452245523,2082700,GEHC,GE HealthCare,Health Care,Health Care Equipment,"Chicago, Illinois",2023-01-04,1932393,1994
2023-03-06,76.44556427001953,76.92410009847877,75.46855710636352,75.67792176048685,1874100,GEHC,GE HealthCare,Health Care,Health Care Equipment,"Chicago, Illinois",2023-01-04,1932393,1994
2023-03-07,76.01689147949219,76.6001021276228,75.6978700752309,76.1265558002761,1709400,GEHC,GE HealthCare,Health Care,Health Care Equipment,"Chicago, Illinois",2023-01-04,1932393,1994
2023-03-08,76.39571380615234,77.16336391886087,75.86932819986549,76.01687833101538,1641300,GEHC,GE HealthCare,Health Care,Health Care Equipment,"Chicago, Illinois",2023-01-04,1932393,1994
2023-03-09,76.14647674560547,77.16336250635861,75.66794853377829,76.7645839257901,1683800,GEHC,GE HealthCare,Health Care,Health Care Equipment,"Chicago, Illinois",2023-01-04,1932393,1994
2023-03-10,74.74079132080078,76.29601941322899,74.2722270606285,75.64800517269431,3388600,GEHC,GE HealthCare,Health Care,Health Care Equipment,"Chicago, Illinois",2023-01-04,1932393,1994
2023-03-13,76.00690460205078,77.24311894971315,73.81363384057153,74.72084768612268,2272100,GEHC,GE HealthCare,Health Care,Health Care Equipment,"Chicago, Illinois",2023-01-04,1932393,1994
2023-03-14,76.90416717529297,78.51921725350566,76.11658144860054,76.45554595660221,1992300,GEHC,GE HealthCare,Health Care,Health Care Equipment,"Chicago, Illinois",2023-01-04,1932393,1994
2023-03-15,76.52531433105469,76.57515689625777,75.3588857354925,75.6978501667874,2326200,GEHC,GE HealthCare,Health Care,Health Care Equipment,"Chicago, Illinois",2023-01-04,1932393,1994
2023-03-16,76.3857650756836,77.2132218732497,75.51842204470753,75.72777913368718,1624600,GEHC,GE HealthCare,Health Care,Health Care Equipment,"Chicago, Illinois",2023-01-04,1932393,1994
2023-03-17,75.60814666748047,77.3029541786608,75.19940402940756,76.62503269540282,5803300,GEHC,GE HealthCare,Health Care,Health Care Equipment,"Chicago, Illinois",2023-01-04,1932393,1994
2023-03-20,74.9700927734375,75.57822846766346,74.28220743874377,75.25920708758342,1714100,GEHC,GE HealthCare,Health Care,Health Care Equipment,"Chicago, Illinois",2023-01-04,1932393,1994
2023-03-21,76.28604888916016,76.4455633654487,75.26917072406168,75.41871364406498,1401600,GEHC,GE HealthCare,Health Care,Health Care Equipment,"Chicago, Illinois",2023-01-04,1932393,1994
2023-03-22,74.54139709472656,76.8144326801113,74.4815829708715,76.62501114647874,1549800,GEHC,GE HealthCare,Health Care,Health Care Equipment,"Chicago, Illinois",2023-01-04,1932393,1994
2023-03-23,75.47853088378906,76.47547358351852,74.64110266692953,75.17945263751173,1393700,GEHC,GE HealthCare,Health Care,Health Care Equipment,"Chicago, Illinois",2023-01-04,1932393,1994
2023-03-24,76.22622680664062,76.25613386630563,74.66102730027114,75.02989878363178,1154800,GEHC,GE HealthCare,Health Care,Health Care Equipment,"Chicago, Illinois",2023-01-04,1932393,1994
2023-03-27,76.14647674560547,77.22317663131982,76.03183047074023,76.58513394483771,1196600,GEHC,GE HealthCare,Health Care,Health Care Equipment,"Chicago, Illinois",2023-01-04,1932393,1994
2023-03-28,76.6648941040039,76.70477272418749,75.91718708921726,76.14647964768649,760800,GEHC,GE HealthCare,Health Care,Health Care Equipment,"Chicago, Illinois",2023-01-04,1932393,1994
2023-03-29,78.99774932861328,79.2270495308548,76.82441361070158,77.12349950822177,1786000,GEHC,GE HealthCare,Health Care,Health Care Equipment,"Chicago, Illinois",2023-01-04,1932393,1994
2023-03-30,81.88886260986328,82.03740912258448,79.25693481688246,79.53607752127918,2188900,GEHC,GE HealthCare,Health Care,Health Care Equipment,"Chicago, Illinois",2023-01-04,1932393,1994
2023-03-31,81.77921295166016,82.33749846035391,81.33059175446976,81.99854157466687,1916200,GEHC,GE HealthCare,Health Care,Health Care Equipment,"Chicago, Illinois",2023-01-04,1932393,1994
2023-04-03,81.55987548828125,82.3674042041924,81.22091863933414,81.74929702508626,1913100,GEHC,GE HealthCare,Health Care,Health Care Equipment,"Chicago, Illinois",2023-01-04,1932393,1994
2023-04-04,81.3405532836914,81.90881793878097,81.22092502457308,81.74930345186402,1552700,GEHC,GE HealthCare,Health Care,Health Care Equipment,"Chicago, Illinois",2023-01-04,1932393,1994
2023-04-05,80.87200164794922,81.54992304758944,80.40343732092394,81.25083716895675,1410600,GEHC,GE HealthCare,Health Care,Health Care Equipment,"Chicago, Illinois",2023-01-04,1932393,1994
2023-04-06,79.91493225097656,80.8121746159721,79.84513895860601,80.72245342190028,1356700,GEHC,GE HealthCare,Health Care,Health Care Equipment,"Chicago, Illinois",2023-01-04,1932393,1994
2023-04-10,80.34359741210938,80.3834760273133,79.45631914050934,79.68561927641488,1579200,GEHC,GE HealthCare,Health Care,Health Care Equipment,"Chicago, Illinois",2023-01-04,1932393,1994
2023-04-11,80.34359741210938,80.43830817246018,79.7155263363008,80.34359741210938,1167000,GEHC,GE HealthCare,Health Care,Health Care Equipment,"Chicago, Illinois",2023-01-04,1932393,1994
2023-04-12,81.50006103515625,81.64960395276478,80.36055784602436,80.75733602821074,1232000,GEHC,GE HealthCare,Health Care,Health Care Equipment,"Chicago, Illinois",2023-01-04,1932393,1994
2023-04-13,82.68643188476562,82.91771724184335,81.13119606466059,81.40037485928637,1252800,GEHC,GE HealthCare,Health Care,Health Care Equipment,"Chicago, Illinois",2023-01-04,1932393,1994
2023-04-14,82.1181640625,83.0253778662995,81.72935706000473,82.1979136892687,1163600,GEHC,GE HealthCare,Health Care,Health Care Equipment,"Chicago, Illinois",2023-01-04,1932393,1994
2023-04-17,82.46709442138672,82.98550123509249,81.74929452081832,81.91877294010015,861000,GEHC,GE HealthCare,Health Care,Health Care Equipment,"Chicago, Illinois",2023-01-04,1932393,1994
2023-04-18,83.40424346923828,83.9027149001391,82.53690044128551,82.53690044128551,1522000,GEHC,GE HealthCare,Health Care,Health Care Equipment,"Chicago, Illinois",2023-01-04,1932393,1994
2023-04-19,85.48783111572266,86.61437355725532,83.49394584188656,83.53382446009152,2422900,GEHC,GE HealthCare,Health Care,Health Care Equipment,"Chicago, Illinois",2023-01-04,1932393,1994
2023-04-20,84.7401351928711,86.05609934103525,84.4211138116819,85.10900675483693,1634900,GEHC,GE HealthCare,Health Care,Health Care Equipment,"Chicago, Illinois",2023-01-04,1932393,1994
2023-04-21,86.21560668945312,86.25049572824955,84.82984936061996,84.93951366438424,1850600,GEHC,GE HealthCare,Health Care,Health Care Equipment,"Chicago, Illinois",2023-01-04,1932393,1994
2023-04-24,87.52159881591797,87.5614774358581,85.91652049215581,86.33523459242359,2692800,GEHC,GE HealthCare,Health Care,Health Care Equipment,"Chicago, Illinois",2023-01-04,1932393,1994
2023-04-25,80.14421844482422,83.24471067236425,78.53914018145841,83.24471067236425,7291400,GEHC,GE HealthCare,Health Care,Health Care Equipment,"Chicago, Illinois",2023-01-04,1932393,1994
2023-04-26,79.87505340576172,80.02458872879613,77.3228748723141,79.4862463537336,3489500,GEHC,GE HealthCare,Health Care,Health Care Equipment,"Chicago, Illinois",2023-01-04,1932393,1994
2023-04-27,81.270751953125,81.2906950631854,80.37350975817296,80.57289522236943,1557000,GEHC,GE HealthCare,Health Care,Health Care Equipment,"Chicago, Illinois",2023-01-04,1932393,1994
2023-04-28,81.09130859375,81.48012321089806,80.76232331165322,80.95173723623778,1617600,GEHC,GE HealthCare,Health Care,Health Care Equipment,"Chicago, Illinois",2023-01-04,1932393,1994
2023-05-01,80.53302001953125,81.47911602874484,80.47818787364446,80.83210583456254,1355800,GEHC,GE HealthCare,Health Care,Health Care Equipment,"Chicago, Illinois",2023-01-04,1932393,1994
2023-05-02,78.22012329101562,80.40343023688995,77.65186625653631,80.09437282791406,1879100,GEHC,GE HealthCare,Health Care,Health Care Equipment,"Chicago, Illinois",2023-01-04,1932393,1994
2023-05-03,79.46630096435547,80.17412936203652,77.78146538310095,78.23009415756525,1748900,GEHC,GE HealthCare,Health Care,Health Care Equipment,"Chicago, Illinois",2023-01-04,1932393,1994
2023-05-04,78.02073669433594,80.01462206526966,77.45247966786259,79.37657935505639,1751400,GEHC,GE HealthCare,Health Care,Health Care Equipment,"Chicago, Illinois",2023-01-04,1932393,1994
2023-05-05,78.74849700927734,79.28684694764235,78.25999724534323,78.25999724534323,1077400,GEHC,GE HealthCare,Health Care,Health Care Equipment,"Chicago, Illinois",2023-01-04,1932393,1994
2023-05-08,79.17717742919922,79.2469631051608,78.36965637791981,78.63882752632354,842300,GEHC,GE HealthCare,Health Care,Health Care Equipment,"Chicago, Illinois",2023-01-04,1932393,1994
2023-05-09,76.13652038574219,78.54912000990038,75.8872846987985,78.30985588013391,2499700,GEHC,GE HealthCare,Health Care,Health Care Equipment,"Chicago, Illinois",2023-01-04,1932393,1994
2023-05-10,75.66795349121094,76.52532483348037,74.74079646322512,76.2661175982184,1792900,GEHC,GE HealthCare,Health Care,Health Care Equipment,"Chicago, Illinois",2023-01-04,1932393,1994
2023-05-11,74.76072692871094,75.47852685113675,74.48158420467175,75.47852685113675,1504800,GEHC,GE HealthCare,Health Care,Health Care Equipment,"Chicago, Illinois",2023-01-04,1932393,1994
2023-05-12,74.69093322753906,74.78066201124177,74.04291905570551,74.66102616832748,2577500,GEHC,GE HealthCare,Health Care,Health Care Equipment,"Chicago, Illinois",2023-01-04,1932393,1994
2023-05-15,74.70093536376953,75.32900668253713,74.47163513916297,74.87041383939507,1187900,GEHC,GE HealthCare,Health Care,Health Care Equipment,"Chicago, Illinois",2023-01-04,1932393,1994
2023-05-16,77.54220581054688,78.03070562792227,74.99003480671018,75.03987738052507,2668900,GEHC,GE HealthCare,Health Care,Health Care Equipment,"Chicago, Illinois",2023-01-04,1932393,1994
2023-05-17,80.05450439453125,80.36355420740288,75.97301908651703,77.6917473823178,3716300,GEHC,GE HealthCare,Health Care,Health Care Equipment,"Chicago, Illinois",2023-01-04,1932393,1994
2023-05-18,79.44635772705078,80.88194988987317,78.97779349103402,80.17412156106408,1483500,GEHC,GE HealthCare,Health Care,Health Care Equipment,"Chicago, Illinois",2023-01-04,1932393,1994
2023-05-19,79.09742736816406,80.84108063640055,78.87810637102302,79.84513436670589,1311100,GEHC,GE HealthCare,Health Care,Health Care Equipment,"Chicago, Illinois",2023-01-04,1932393,1994
2023-05-22,78.8680648803711,79.20615324500729,78.49905375306119,79.13733792374224,1357700,GEHC,GE HealthCare,Health Care,Health Care Equipment,"Chicago, Illinois",2023-01-04,1932393,1994
2023-05-23,76.98310852050781,79.55918543610892,76.85345209240565,78.74836100586106,1382400,GEHC,GE HealthCare,Health Care,Health Care Equipment,"Chicago, Illinois",2023-01-04,1932393,1994
2023-05-24,76.32489013671875,76.93325587970905,75.8760992287835,76.76371332417325,1431900,GEHC,GE HealthCare,Health Care,Health Care Equipment,"Chicago, Illinois",2023-01-04,1932393,1994
2023-05-25,79.64596557617188,79.84542650696696,75.40735612072874,76.32488857670097,3127800,GEHC,GE HealthCare,Health Care,Health Care Equipment,"Chicago, Illinois",2023-01-04,1932393,1994
2023-05-26,78.21979522705078,79.98504799301418,78.15995847161197,79.55620015816086,2243100,GEHC,GE HealthCare,Health Care,Health Care Equipment,"Chicago, Illinois",2023-01-04,1932393,1994
2023-05-30,77.75104522705078,78.83812768925328,77.20252394099352,78.04026886178455,1775800,GEHC,GE HealthCare,Health Care,Health Care Equipment,"Chicago, Illinois",2023-01-04,1932393,1994
2023-05-31,79.2968978881836,79.51630945735297,77.53462793127295,78.3294964835437,4501500,GEHC,GE HealthCare,Health Care,Health Care Equipment,"Chicago, Illinois",2023-01-04,1932393,1994
2023-06-01,79.61603546142578,79.8853084392009,78.67855248519824,79.51630501072928,2355500,GEHC,GE HealthCare,Health Care,Health Care Equipment,"Chicago, Illinois",2023-01-04,1932393,1994
2023-06-02,79.75566864013672,80.65325801587669,79.68585655585397,80.08478601273247,2404500,GEHC,GE HealthCare,Health Care,Health Care Equipment,"Chicago, Illinois",2023-01-04,1932393,1994
2023-06-05,80.27427673339844,80.50765074688661,78.56886061507346,79.69583697338459,1416700,GEHC,GE HealthCare,Health Care,Health Care Equipment,"Chicago, Illinois",2023-01-04,1932393,1994
2023-06-06,82.70773315429688,82.95706310983148,77.59148520594749,77.79094612679661,23800600,GEHC,GE HealthCare,Health Care,Health Care Equipment,"Chicago, Illinois",2023-01-04,1932393,1994
2023-06-07,80.26428985595703,82.03951763932447,79.9750662405063,81.27157723752023,3883900,GEHC,GE HealthCare,Health Care,Health Care Equipment,"Chicago, Illinois",2023-01-04,1932393,1994
2023-06-08,77.54161071777344,78.18987007836071,76.54429096577636,77.14268129518543,15048600,GEHC,GE HealthCare,Health Care,Health Care Equipment,"Chicago, Illinois",2023-01-04,1932393,1994
2023-06-09,76.89335632324219,78.2896055880022,76.85346261751232,77.89067613964986,4894700,GEHC,GE HealthCare,Health Care,Health Care Equipment,"Chicago, Illinois",2023-01-04,1932393,1994
2023-06-12,78.06021118164062,78.10010488353718,76.69388803417507,77.04294841458795,5545200,GEHC,GE HealthCare,Health Care,Health Care Equipment,"Chicago, Illinois",2023-01-04,1932393,1994
2023-06-13,77.58150482177734,78.23873513293148,76.4944223298319,78.09014002842873,4122300,GEHC,GE HealthCare,Health Care,Health Care Equipment,"Chicago, Illinois",2023-01-04,1932393,1994
2023-06-14,78.31951904296875,78.58879963748548,77.27233786692,77.97045865095251,3322600,GEHC,GE HealthCare,Health Care,Health Care Equipment,"Chicago, Illinois",2023-01-04,1932393,1994
2023-06-15,78.88799285888672,78.95780493893655,78.01533805379074,78.44917733097891,3277900,GEHC,GE HealthCare,Health Care,Health Care Equipment,"Chicago, Illinois",2023-01-04,1932393,1994
2023-06-16,78.43920135498047,79.8853119764768,78.27962653964366,79.28692163685577,5388200,GEHC,GE HealthCare,Health Care,Health Care Equipment,"Chicago, Illinois",2023-01-04,1932393,1994
2023-06-20,78.68852233886719,78.94782757979566,77.54160321328044,78.14996881183657,3151100,GEHC,GE HealthCare,Health Care,Health Care Equipment,"Chicago, Illinois",2023-01-04,1932393,1994
2023-06-21,79.40660858154297,79.78558738238856,78.08017136516358,78.57883128630351,2805700,GEHC,GE HealthCare,Health Care,Health Care Equipment,"Chicago, Illinois",2023-01-04,1932393,1994
2023-06-22,79.99502563476562,80.5335792761254,79.36671685765259,79.72575261855911,2229200,GEHC,GE HealthCare,Health Care,Health Care Equipment,"Chicago, Illinois",2023-01-04,1932393,1994
2023-06-23,79.60607147216797,80.13464978419725,78.79824481483615,79.64596517991785,7973000,GEHC,GE HealthCare,Health Care,Health Care Equipment,"Chicago, Illinois",2023-01-04,1932393,1994
2023-06-26,77.59148406982422,80.08478358866245,77.53163970728862,79.80552765103768,2500700,GEHC,GE HealthCare,Health Care,Health Care Equipment,"Chicago, Illinois",2023-01-04,1932393,1994
2023-06-27,76.86344146728516,78.14000967333497,75.98779627189845,77.74108020670774,3250400,GEHC,GE HealthCare,Health Care,Health Care Equipment,"Chicago, Illinois",2023-01-04,1932393,1994
2023-06-28,76.98310852050781,77.38203030528132,76.13538070550082,77.29227518639088,2920500,GEHC,GE HealthCare,Health Care,Health Care Equipment,"Chicago, Illinois",2023-01-04,1932393,1994
2023-06-29,78.46912384033203,78.48906688882063,76.94322573125048,77.06289924007483,1908200,GEHC,GE HealthCare,Health Care,Health Care Equipment,"Chicago, Illinois",2023-01-04,1932393,1994
2023-06-30,81.02226257324219,81.19181273072942,79.10142965322663,79.20714074858947,3428300,GEHC,GE HealthCare,Health Care,Health Care Equipment,"Chicago, Illinois",2023-01-04,1932393,1994
2023-07-03,80.47373962402344,81.24167254620292,79.68585604420755,81.19181112000483,1086900,GEHC,GE HealthCare,Health Care,Health Care Equipment,"Chicago, Illinois",2023-01-04,1932393,1994
2023-07-05,80.433837890625,81.07212191025472,79.72075032574362,80.15458958315521,2655900,GEHC,GE HealthCare,Health Care,Health Care Equipment,"Chicago, Illinois",2023-01-04,1932393,1994
2023-07-06,78.90794372558594,80.05485538532392,78.78826261277632,79.78558239268489,2595900,GEHC,GE HealthCare,Health Care,Health Care Equipment,"Chicago, Illinois",2023-01-04,1932393,1994
2023-07-07,79.40660858154297,79.8932996297588,78.09014669409142,78.76832449119958,2892600,GEHC,GE HealthCare,Health Care,Health Care Equipment,"Chicago, Illinois",2023-01-04,1932393,1994
2023-07-10,80.44381713867188,80.56349064259337,79.78558243131937,79.91523126354969,2263000,GEHC,GE HealthCare,Health Care,Health Care Equipment,"Chicago, Illinois",2023-01-04,1932393,1994
2023-07-11,81.04220581054688,81.22670753124422,79.99501701919539,80.28424066260624,1793100,GEHC,GE HealthCare,Health Care,Health Care Equipment,"Chicago, Illinois",2023-01-04,1932393,1994
2023-07-12,81.4710464477539,82.43844774711079,81.07211705712955,81.07211705712955,2124800,GEHC,GE HealthCare,Health Care,Health Care Equipment,"Chicago, Illinois",2023-01-04,1932393,1994
2023-07-13,81.18183135986328,81.78022170420239,80.68317147142302,81.51094871238091,1476300,GEHC,GE HealthCare,Health Care,Health Care Equipment,"Chicago, Illinois",2023-01-04,1932393,1994
2023-07-14,81.60070037841797,81.93979304482463,81.01228538731375,81.28155836771239,1774100,GEHC,GE HealthCare,Health Care,Health Care Equipment,"Chicago, Illinois",2023-01-04,1932393,1994
2023-07-17,80.9723892211914,82.13925144899207,80.8626834450106,81.5209104931499,2343200,GEHC,GE HealthCare,Health Care,Health Care Equipment,"Chicago, Illinois",2023-01-04,1932393,1994
2023-07-18,82.24895477294922,82.672811069242,80.53356371538834,80.89060586326093,2844500,GEHC,GE HealthCare,Health Care,Health Care Equipment,"Chicago, Illinois",2023-01-04,1932393,1994
2023-07-19,81.53089141845703,82.71770438283613,81.44113629120787,82.5581295669096,2781700,GEHC,GE HealthCare,Health Care,Health Care Equipment,"Chicago, Illinois",2023-01-04,1932393,1994
2023-07-20,81.66059875488281,82.95260031669086,81.6107190212078,82.05967468298397,3113900,GEHC,GE HealthCare,Health Care,Health Care Equipment,"Chicago, Illinois",2023-01-04,1932393,1994
2023-07-21,82.43878936767578,82.94761134617379,81.83020031403345,81.89006664851199,7697300,GEHC,GE HealthCare,Health Care,Health Care Equipment,"Chicago, Illinois",2023-01-04,1932393,1994
2023-07-24,80.44341278076172,82.4886719561536,80.08424524155397,82.28913781736685,4335700,GEHC,GE HealthCare,Health Care,Health Care Equipment,"Chicago, Illinois",2023-01-04,1932393,1994
2023-07-25,80.02439880371094,82.15944638570345,78.39817324897554,80.6529382879175,4729500,GEHC,GE HealthCare,Health Care,Health Care Equipment,"Chicago, Illinois",2023-01-04,1932393,1994
2023-07-26,77.25082397460938,80.1221625154492,77.11114854953307,80.07427706045438,4148600,GEHC,GE HealthCare,Health Care,Health Care Equipment,"Chicago, Illinois",2023-01-04,1932393,1994
2023-07-27,76.68213653564453,78.68748726454633,76.07354754633472,77.81949781788994,3224700,GEHC,GE HealthCare,Health Care,Health Care Equipment,"Chicago, Illinois",2023-01-04,1932393,1994
2023-07-28,77.68980407714844,78.13875968920901,76.71206854215824,77.06125708617638,2910100,GEHC,GE HealthCare,Health Care,Health Care Equipment,"Chicago, Illinois",2023-01-04,1932393,1994
2023-07-31,77.81950378417969,77.84943314467986,76.09350374851896,77.54015293719175,3916200,GEHC,GE HealthCare,Health Care,Health Care Equipment,"Chicago, Illinois",2023-01-04,1932393,1994
2023-08-01,77.51021575927734,77.85441859379368,76.92157715242968,77.65986254668537,2126700,GEHC,GE HealthCare,Health Care,Health Care Equipment,"Chicago, Illinois",2023-01-04,1932393,1994
2023-08-02,76.41275787353516,77.60000650614941,75.97378126244436,77.14107191489043,3073000,GEHC,GE HealthCare,Health Care,Health Care Equipment,"Chicago, Illinois",2023-01-04,1932393,1994
2023-08-03,75.84407806396484,76.51253339567434,75.50486851475223,76.46264605644224,2053300,GEHC,GE HealthCare,Health Care,Health Care Equipment,"Chicago, Illinois",2023-01-04,1932393,1994
2023-08-04,75.724365234375,76.61729081172156,75.45099721329542,75.80418193730534,1449600,GEHC,GE HealthCare,Health Care,Health Care Equipment,"Chicago, Illinois",2023-01-04,1932393,1994
2023-08-07,75.41507720947266,76.11346194061458,74.99605093783133,75.92389917460268,1668300,GEHC,GE HealthCare,Health Care,Health Care Equipment,"Chicago, Illinois",2023-01-04,1932393,1994
2023-08-08,73.75891876220703,75.29535595892315,73.15032975533444,75.11577219276829,2574900,GEHC,GE HealthCare,Health Care,Health Care Equipment,"Chicago, Illinois",2023-01-04,1932393,1994
2023-08-09,73.74894714355469,74.70672478820266,73.25010414456678,73.62922969531125,3028400,GEHC,GE HealthCare,Health Care,Health Care Equipment,"Chicago, Illinois",2023-01-04,1932393,1994
2023-08-10,72.13269805908203,74.40742083335857,71.95311428154757,74.07818263925544,3681600,GEHC,GE HealthCare,Health Care,Health Care Equipment,"Chicago, Illinois",2023-01-04,1932393,1994
2023-08-11,71.4243392944336,71.97306965609353,70.6960327544926,71.97306965609353,2897100,GEHC,GE HealthCare,Health Care,Health Care Equipment,"Chicago, Illinois",2023-01-04,1932393,1994
2023-08-14,71.63385772705078,71.70369544246648,70.68605146156331,71.33454888284629,2601100,GEHC,GE HealthCare,Health Care,Health Care Equipment,"Chicago, Illinois",2023-01-04,1932393,1994
2023-08-15,70.37677001953125,71.58396914324193,70.02758144849757,71.58396914324193,2476300,GEHC,GE HealthCare,Health Care,Health Care Equipment,"Chicago, Illinois",2023-01-04,1932393,1994
2023-08-16,70.50645446777344,72.1127292331338,70.25703301491299,71.04520571936064,3697400,GEHC,GE HealthCare,Health Care,Health Care Equipment,"Chicago, Illinois",2023-01-04,1932393,1994
2023-08-17,68.23174285888672,70.63616969950037,68.08208844108364,70.5363950131384,3791900,GEHC,GE HealthCare,Health Care,Health Care Equipment,"Chicago, Illinois",2023-01-04,1932393,1994
2023-08-18,68.2018051147461,68.59090198616487,67.73787723775361,68.04217172557996,2911000,GEHC,GE HealthCare,Health Care,Health Care Equipment,"Chicago, Illinois",2023-01-04,1932393,1994
2023-08-21,68.81041717529297,69.3391896337581,68.44127054780718,69.16958480967334,2807800,GEHC,GE HealthCare,Health Care,Health Care Equipment,"Chicago, Illinois",2023-01-04,1932393,1994
2023-08-22,68.77049255371094,69.23940616615107,68.51109207649603,68.98998467968204,2170100,GEHC,GE HealthCare,Health Care,Health Care Equipment,"Chicago, Illinois",2023-01-04,1932393,1994
2023-08-23,68.83036041259766,69.36911180830394,68.65077661402889,68.80043104812631,2079500,GEHC,GE HealthCare,Health Care,Health Care Equipment,"Chicago, Illinois",2023-01-04,1932393,1994
2023-08-24,68.27165222167969,69.62850576949666,68.08208944887379,69.47885134947832,2623200,GEHC,GE HealthCare,Health Care,Health Care Equipment,"Chicago, Illinois",2023-01-04,1932393,1994
2023-08-25,68.43126678466797,68.73057557555812,67.45353894300582,68.25169064422037,3096600,GEHC,GE HealthCare,Health Care,Health Care Equipment,"Chicago, Illinois",2023-01-04,1932393,1994
2023-08-28,69.14960479736328,69.49880093915091,68.60088213921244,68.90018333136588,2438700,GEHC,GE HealthCare,Health Care,Health Care Equipment,"Chicago, Illinois",2023-01-04,1932393,1994
2023-08-29,70.3169174194336,70.33686779162704,69.16957691892418,69.16957691892418,2044300,GEHC,GE HealthCare,Health Care,Health Care Equipment,"Chicago, Illinois",2023-01-04,1932393,1994
2023-08-30,70.22710418701172,70.8257141560345,70.06747841408372,70.33685023603542,1889200,GEHC,GE HealthCare,Health Care,Health Care Equipment,"Chicago, Illinois",2023-01-04,1932393,1994
2023-08-31,70.2869644165039,70.96539109249392,69.6993305620558,70.34683074291463,3573300,GEHC,GE HealthCare,Health Care,Health Care Equipment,"Chicago, Illinois",2023-01-04,1932393,1994
2023-09-01,69.08975982666016,70.85566080808186,68.94010539494022,70.50647220856239,2096700,GEHC,GE HealthCare,Health Care,Health Care Equipment,"Chicago, Illinois",2023-01-04,1932393,1994
2023-09-05,67.50342559814453,68.99995431402932,67.25400414549706,68.97001734585115,3773500,GEHC,GE HealthCare,Health Care,Health Care Equipment,"Chicago, Illinois",2023-01-04,1932393,1994
2023-09-06,66.82500457763672,68.0421749753364,65.90712776957072,67.35377688396103,3140100,GEHC,GE HealthCare,Health Care,Health Care Equipment,"Chicago, Illinois",2023-01-04,1932393,1994
2023-09-07,65.74749755859375,68.01224103799133,65.67765985513405,67.93242434496916,2836900,GEHC,GE HealthCare,Health Care,Health Care Equipment,"Chicago, Illinois",2023-01-04,1932393,1994
2023-09-08,64.74981689453125,65.83729087965874,64.57023312677981,65.7674531706298,3103100,GEHC,GE HealthCare,Health Care,Health Care Equipment,"Chicago, Illinois",2023-01-04,1932393,1994
2023-09-11,66.4658432006836,67.1941497086906,65.04912331408227,65.16884837276041,3630500,GEHC,GE HealthCare,Health Care,Health Care Equipment,"Chicago, Illinois",2023-01-04,1932393,1994
2023-09-12,65.2486572265625,66.4658352022258,65.0690734660263,66.22638511368478,2381800,GEHC,GE HealthCare,Health Care,Health Care Equipment,"Chicago, Illinois",2023-01-04,1932393,1994
2023-09-13,64.38067626953125,65.78741718114337,64.06141705446,64.96931496678954,3612800,GEHC,GE HealthCare,Health Care,Health Care Equipment,"Chicago, Illinois",2023-01-04,1932393,1994
2023-09-14,65.84727478027344,65.9071335034078,64.42058352223125,64.70991337028065,3945100,GEHC,GE HealthCare,Health Care,Health Care Equipment,"Chicago, Illinois",2023-01-04,1932393,1994
2023-09-15,66.27627563476562,66.34611334434273,65.42824412940388,65.84727038686646,6711100,GEHC,GE HealthCare,Health Care,Health Care Equipment,"Chicago, Illinois",2023-01-04,1932393,1994
2023-09-18,66.12662506103516,66.8349811883329,65.71757777028121,65.71757777028121,3205300,GEHC,GE HealthCare,Health Care,Health Care Equipment,"Chicago, Illinois",2023-01-04,1932393,1994
2023-09-19,65.96699523925781,66.59553462356867,65.19877282447177,66.34611314557777,3160400,GEHC,GE HealthCare,Health Care,Health Care Equipment,"Chicago, Illinois",2023-01-04,1932393,1994
2023-09-20,64.85956573486328,66.64542449860893,64.74981967143412,66.26629896613014,1796400,GEHC,GE HealthCare,Health Care,Health Care Equipment,"Chicago, Illinois",2023-01-04,1932393,1994
2023-09-21,63.742149353027344,64.7398352187648,63.642382288801414,64.47046338418089,2172500,GEHC,GE HealthCare,Health Care,Health Care Equipment,"Chicago, Illinois",2023-01-04,1932393,1994
2023-09-22,64.18114471435547,64.65504406052254,63.58851744127799,63.68230169486582,2277800,GEHC,GE HealthCare,Health Care,Health Care Equipment,"Chicago, Illinois",2023-01-04,1932393,1994
2023-09-25,66.32616424560547,66.8848659329235,63.851899779966345,63.851899779966345,3214500,GEHC,GE HealthCare,Health Care,Health Care Equipment,"Chicago, Illinois",2023-01-04,1932393,1994
2023-09-26,66.0567855834961,67.2490199847175,65.9669975019745,66.03683521373786,3619900,GEHC,GE HealthCare,Health Care,Health Care Equipment,"Chicago, Illinois",2023-01-04,1932393,1994
2023-09-27,68.12198638916016,68.25268755469749,65.99691833848112,66.21641043617109,5470000,GEHC,GE HealthCare,Health Care,Health Care Equipment,"Chicago, Illinois",2023-01-04,1932393,1994
2023-09-28,69.61852264404297,70.41667442891558,67.85262190556719,68.58092836840439,4817700,GEHC,GE HealthCare,Health Care,Health Care Equipment,"Chicago, Illinois",2023-01-04,1932393,1994
2023-09-29,67.88256072998047,70.03755867081414,67.77281465396563,69.9178412146093,3145800,GEHC,GE HealthCare,Health Care,Health Care Equipment,"Chicago, Illinois",2023-01-04,1932393,1994
2023-10-02,67.6830062866211,68.5011160135695,67.41363444881893,67.84263968068103,1942100,GEHC,GE HealthCare,Health Care,Health Care Equipment,"Chicago, Illinois",2023-01-04,1932393,1994
2023-10-03,66.82500457763672,67.37372725269017,66.2463449318806,67.19414348717066,2726100,GEHC,GE HealthCare,Health Care,Health Care Equipment,"Chicago, Illinois",2023-01-04,1932393,1994
2023-10-04,67.7229232788086,67.91248605551442,66.31618996987105,66.98463776639981,2084400,GEHC,GE HealthCare,Health Care,Health Care Equipment,"Chicago, Illinois",2023-01-04,1932393,1994
2023-10-05,67.44356536865234,68.52106796828458,66.47281741347568,68.18185080392361,1894300,GEHC,GE HealthCare,Health Care,Health Care Equipment,"Chicago, Illinois",2023-01-04,1932393,1994
2023-10-06,68.30157470703125,68.83034700768691,66.49576569270022,66.85493321988882,2318600,GEHC,GE HealthCare,Health Care,Health Care Equipment,"Chicago, Illinois",2023-01-04,1932393,1994
2023-10-09,67.64311218261719,67.92246303787476,67.02454413758977,67.66306255296134,1600300,GEHC,GE HealthCare,Health Care,Health Care Equipment,"Chicago, Illinois",2023-01-04,1932393,1994
2023-10-10,68.03221130371094,68.47118797113427,67.4535515924027,67.84264852648303,2209000,GEHC,GE HealthCare,Health Care,Health Care Equipment,"Chicago, Illinois",2023-01-04,1932393,1994
2023-10-11,67.62315368652344,68.15192603163315,66.88486820156307,68.15192603163315,2032900,GEHC,GE HealthCare,Health Care,Health Care Equipment,"Chicago, Illinois",2023-01-04,1932393,1994
2023-10-12,66.35609436035156,67.75285620627025,66.01687718080831,67.56329344088608,2252100,GEHC,GE HealthCare,Health Care,Health Care Equipment,"Chicago, Illinois",2023-01-04,1932393,1994
2023-10-13,66.96468353271484,67.4834768762206,65.90713125244045,65.97696896429198,1984200,GEHC,GE HealthCare,Health Care,Health Care Equipment,"Chicago, Illinois",2023-01-04,1932393,1994
2023-10-16,66.72522735595703,67.53335807586762,66.17650470181474,67.47349174848301,1951500,GEHC,GE HealthCare,Health Care,Health Care Equipment,"Chicago, Illinois",2023-01-04,1932393,1994
2023-10-17,66.64541625976562,67.2540052229142,65.91710225720233,66.21641104986972,1596000,GEHC,GE HealthCare,Health Care,Health Care Equipment,"Chicago, Illinois",2023-01-04,1932393,1994
2023-10-18,65.07905578613281,66.32616318374448,64.93937275479998,66.14657941401883,1917700,GEHC,GE HealthCare,Health Care,Health Care Equipment,"Chicago, Illinois",2023-01-04,1932393,1994
2023-10-19,65.32858276367188,66.54632079934377,64.71971374583592,65.10899727539987,1669200,GEHC,GE HealthCare,Health Care,Health Care Equipment,"Chicago, Illinois",2023-01-04,1932393,1994
2023-10-20,63.931190490722656,65.40844083068433,63.741540503267856,65.40844083068433,2575000,GEHC,GE HealthCare,Health Care,Health Care Equipment,"Chicago, Illinois",2023-01-04,1932393,1994
2023-10-23,63.87129592895508,64.42027488050299,63.242463555120544,63.83136921781176,2412500,GEHC,GE HealthCare,Health Care,Health Care Equipment,"Chicago, Illinois",2023-01-04,1932393,1994
2023-10-24,64.55003356933594,64.93930949954489,63.841351552410885,63.901237813907095,2511200,GEHC,GE HealthCare,Health Care,Health Care Equipment,"Chicago, Illinois",2023-01-04,1932393,1994
2023-10-25,64.39032745361328,64.86943272487504,63.86130808532248,64.08089736671404,3179600,GEHC,GE HealthCare,Health Care,Health Care Equipment,"Chicago, Illinois",2023-01-04,1932393,1994
2023-10-26,63.79144287109375,64.61990119013613,63.4620570213316,64.00105620198323,3484900,GEHC,GE HealthCare,Health Care,Health Care Equipment,"Chicago, Illinois",2023-01-04,1932393,1994
2023-10-27,62.98294448852539,64.20068253951746,62.60365215102032,64.08090240466457,2606400,GEHC,GE HealthCare,Health Care,Health Care Equipment,"Chicago, Illinois",2023-01-04,1932393,1994
2023-10-30,63.05282211303711,63.551894646998605,62.23434346194996,63.422138529655925,4484200,GEHC,GE HealthCare,Health Care,Health Care Equipment,"Chicago, Illinois",2023-01-04,1932393,1994
2023-10-31,66.44651794433594,67.57441914788852,65.64799883095397,66.56629809591603,7555100,GEHC,GE HealthCare,Health Care,Health Care Equipment,"Chicago, Illinois",2023-01-04,1932393,1994
2023-11-01,68.15333557128906,68.32301838414446,65.87756631696,66.62617502510727,4523300,GEHC,GE HealthCare,Health Care,Health Care Equipment,"Chicago, Illinois",2023-01-04,1932393,1994
2023-11-02,69.12154388427734,69.63059998594564,68.15334197893966,69.47089312454293,3115900,GEHC,GE HealthCare,Health Care,Health Care Equipment,"Chicago, Illinois",2023-01-04,1932393,1994
2023-11-03,71.43724060058594,71.76663029325339,69.50083677547198,69.81026691793642,4022500,GEHC,GE HealthCare,Health Care,Health Care Equipment,"Chicago, Illinois",2023-01-04,1932393,1994
2023-11-06,70.9581298828125,71.82651884146361,70.62874779492097,71.53705585524656,2350100,GEHC,GE HealthCare,Health Care,Health Care Equipment,"Chicago, Illinois",2023-01-04,1932393,1994
2023-11-07,70.56884765625,71.32743997994325,70.54888810718208,71.11783044614154,1912900,GEHC,GE HealthCare,Health Care,Health Care Equipment,"Chicago, Illinois",2023-01-04,1932393,1994
2023-11-08,69.86016845703125,71.02800392870564,69.39603467379881,71.02800392870564,2062100,GEHC,GE HealthCare,Health Care,Health Care Equipment,"Chicago, Illinois",2023-01-04,1932393,1994
2023-11-09,68.18328094482422,70.00988808046812,67.92376873376756,69.99990449842998,1981500,GEHC,GE HealthCare,Health Care,Health Care Equipment,"Chicago, Illinois",2023-01-04,1932393,1994
2023-11-10,69.39102935791016,69.44093964847484,68.26312837441515,68.42283521202921,2773300,GEHC,GE HealthCare,Health Care,Health Care Equipment,"Chicago, Illinois",2023-01-04,1932393,1994
2023-11-13,69.88013458251953,70.4191338040637,69.22135521777372,69.44094833935566,1993200,GEHC,GE HealthCare,Health Care,Health Care Equipment,"Chicago, Illinois",2023-01-04,1932393,1994
2023-11-14,72.0760498046875,72.23575666059864,70.54888916743684,70.86829526401709,2634400,GEHC,GE HealthCare,Health Care,Health Care Equipment,"Chicago, Illinois",2023-01-04,1932393,1994
2023-11-15,71.38733673095703,72.4952784404372,71.34242202752371,71.86644974664158,2780100,GEHC,GE HealthCare,Health Care,Health Care Equipment,"Chicago, Illinois",2023-01-04,1932393,1994
2023-11-16,71.78658294677734,72.52521569244712,71.36736389560798,71.86643637040244,2946600,GEHC,GE HealthCare,Health Care,Health Care Equipment,"Chicago, Illinois",2023-01-04,1932393,1994
2023-11-17,72.86458587646484,73.24288064282554,71.89139601280705,72.39545650238311,2920000,GEHC,GE HealthCare,Health Care,Health Care Equipment,"Chicago, Illinois",2023-01-04,1932393,1994
2023-11-20,73.1939697265625,73.35366895583405,72.63500338600838,72.95440945979296,1787600,GEHC,GE HealthCare,Health Care,Health Care Equipment,"Chicago, Illinois",2023-01-04,1932393,1994
2023-11-21,73.24388122558594,73.55331137028756,72.45534572012443,73.36366137339712,1469300,GEHC,GE HealthCare,Health Care,Health Care Equipment,"Chicago, Illinois",2023-01-04,1932393,1994
2023-11-22,73.46347045898438,74.04239638650087,73.05423496901031,73.61319373199616,1123300,GEHC,GE HealthCare,Health Care,Health Care Equipment,"Chicago, Illinois",2023-01-04,1932393,1994
2023-11-24,73.5732650756836,73.7030211807389,73.2548565854804,73.68306163197724,558900,GEHC,GE HealthCare,Health Care,Health Care Equipment,"Chicago, Illinois",2023-01-04,1932393,1994
2023-11-27,71.00802612304688,71.3823304528838,70.41912429941914,71.12780625008148,4253600,GEHC,GE HealthCare,Health Care,Health Care Equipment,"Chicago, Illinois",2023-01-04,1932393,1994
2023-11-28,68.00361633300781,70.65369771355961,67.97866880011907,70.56884868686653,5167900,GEHC,GE HealthCare,Health Care,Health Care Equipment,"Chicago, Illinois",2023-01-04,1932393,1994
2023-11-29,67.58439636230469,68.71529786489137,67.33486011479275,68.17330586635867,3762900,GEHC,GE HealthCare,Health Care,Health Care Equipment,"Chicago, Illinois",2023-01-04,1932393,1994
2023-11-30,68.33300018310547,68.55259328353833,66.26684050713297,67.58439149448876,3324600,GEHC,GE HealthCare,Health Care,Health Care Equipment,"Chicago, Illinois",2023-01-04,1932393,1994
2023-12-01,69.28124237060547,69.54075456615027,68.0315584154001,68.22320357981938,1898200,GEHC,GE HealthCare,Health Care,Health Care Equipment,"Chicago, Illinois",2023-01-04,1932393,1994
2023-12-04,69.24131774902344,69.63558165257656,68.64242468833481,68.76220482352086,1478700,GEHC,GE HealthCare,Health Care,Health Care Equipment,"Chicago, Illinois",2023-01-04,1932393,1994
2023-12-05,67.80399322509766,68.92191841720977,67.59438367943459,68.78217872010104,1896200,GEHC,GE HealthCare,Health Care,Health Care Equipment,"Chicago, Illinois",2023-01-04,1932393,1994
2023-12-06,67.92376708984375,68.55259566867359,67.73910509519592,68.26313271850827,1579700,GEHC,GE HealthCare,Health Care,Health Care Equipment,"Chicago, Illinois",2023-01-04,1932393,1994
2023-12-07,67.26499938964844,68.16333152553248,66.87572339997251,67.97368151483391,2089200,GEHC,GE HealthCare,Health Care,Health Care Equipment,"Chicago, Illinois",2023-01-04,1932393,1994
2023-12-08,68.39289093017578,68.50268748759854,66.92562420098805,67.05538030737772,1893700,GEHC,GE HealthCare,Health Care,Health Care Equipment,"Chicago, Illinois",2023-01-04,1932393,1994
2023-12-11,70.99805450439453,71.17772091759777,68.96183769317196,69.03171515714656,3051300,GEHC,GE HealthCare,Health Care,Health Care Equipment,"Chicago, Illinois",2023-01-04,1932393,1994
2023-12-12,71.91634368896484,72.26069728552494,71.10784113487941,71.16773500774137,2407200,GEHC,GE HealthCare,Health Care,Health Care Equipment,"Chicago, Illinois",2023-01-04,1932393,1994
2023-12-13,74.04239654541016,74.13222594026482,72.38547218694316,72.47530919703983,2628600,GEHC,GE HealthCare,Health Care,Health Care Equipment,"Chicago, Illinois",2023-01-04,1932393,1994
2023-12-14,75.77916717529297,76.15846715206582,74.20209623508663,74.20209623508663,4271300,GEHC,GE HealthCare,Health Care,Health Care Equipment,"Chicago, Illinois",2023-01-04,1932393,1994
2023-12-15,74.87085723876953,76.44792052288645,74.3468296001244,76.23831099047678,5638000,GEHC,GE HealthCare,Health Care,Health Care Equipment,"Chicago, Illinois",2023-01-04,1932393,1994
2023-12-18,74.92076873779297,75.37492658576132,74.41172021998064,74.8608824686957,1945800,GEHC,GE HealthCare,Health Care,Health Care Equipment,"Chicago, Illinois",2023-01-04,1932393,1994
2023-12-19,75.54959869384766,75.6993143540459,74.86087619596728,75.00061588898038,2441800,GEHC,GE HealthCare,Health Care,Health Care Equipment,"Chicago, Illinois",2023-01-04,1932393,1994
2023-12-20,75.30005645751953,76.44791704247025,74.74109011463302,75.22020303492981,2162200,GEHC,GE HealthCare,Health Care,Health Care Equipment,"Chicago, Illinois",2023-01-04,1932393,1994
2023-12-21,77.04681396484375,77.46603303162469,75.93887242032135,75.93887242032135,2992100,GEHC,GE HealthCare,Health Care,Health Care Equipment,"Chicago, Illinois",2023-01-04,1932393,1994
2023-12-22,77.43608856201172,77.5658446665606,76.84717907007686,77.15660918898844,2193700,GEHC,GE HealthCare,Health Care,Health Care Equipment,"Chicago, Illinois",2023-01-04,1932393,1994
2023-12-26,77.99504852294922,78.17970290830692,77.43608976819604,77.55586229264777,1413900,GEHC,GE HealthCare,Health Care,Health Care Equipment,"Chicago, Illinois",2023-01-04,1932393,1994
2023-12-27,77.52591705322266,78.14476966861395,77.23645410159972,77.93516014128183,1365000,GEHC,GE HealthCare,Health Care,Health Care Equipment,"Chicago, Illinois",2023-01-04,1932393,1994
2023-12-28,77.39616394042969,77.82037099478599,77.10670097762316,77.68562690323621,1569500,GEHC,GE HealthCare,Health Care,Health Care Equipment,"Chicago, Illinois",2023-01-04,1932393,1994
2023-12-29,77.17656707763672,77.495973156399,76.71742131536854,77.01686784587638,1786900,GEHC,GE HealthCare,Health Care,Health Care Equipment,"Chicago, Illinois",2023-01-04,1932393,1994
2024-01-02,76.22833251953125,77.26640418063229,75.56456521441773,76.43794204505527,2003100,GEHC,GE HealthCare,Health Care,Health Care Equipment,"Chicago, Illinois",2023-01-04,1932393,1994
2024-01-03,75.96881103515625,76.53775333917599,75.29506016305116,76.09856713423393,2692400,GEHC,GE HealthCare,Health Care,Health Care Equipment,"Chicago, Illinois",2023-01-04,1932393,1994
2024-01-04,76.42796325683594,76.8072556198721,75.70929762982674,75.85902090466067,2395900,GEHC,GE HealthCare,Health Care,Health Care Equipment,"Chicago, Illinois",2023-01-04,1932393,1994
2024-01-05,76.47787475585938,77.3063293411796,75.44977898063247,75.85902209726292,2377200,GEHC,GE HealthCare,Health Care,Health Care Equipment,"Chicago, Illinois",2023-01-04,1932393,1994
2024-01-08,77.21649169921875,77.30632108679455,76.16843648605266,76.85715891843273,1880600,GEHC,GE HealthCare,Health Care,Health Care Equipment,"Chicago, Illinois",2023-01-04,1932393,1994
2024-01-09,76.51780700683594,77.51595210664705,74.26199694899486,76.86715626872127,3507200,GEHC,GE HealthCare,Health Care,Health Care Equipment,"Chicago, Illinois",2023-01-04,1932393,1994
2024-01-10,76.02870178222656,76.46788801309569,74.74109383601272,76.19838460224712,3020600,GEHC,GE HealthCare,Health Care,Health Care Equipment,"Chicago, Illinois",2023-01-04,1932393,1994
2024-01-11,76.10855865478516,76.18341648605363,74.6412842399853,76.05864835711135,2305500,GEHC,GE HealthCare,Health Care,Health Care Equipment,"Chicago, Illinois",2023-01-04,1932393,1994
2024-01-12,76.05863189697266,76.35819632168231,75.28976104696955,76.16847167815021,1888300,GEHC,GE HealthCare,Health Care,Health Care Equipment,"Chicago, Illinois",2023-01-04,1932393,1994
2024-01-16,74.86038970947266,75.78903028759449,74.43101809554021,75.78903028759449,2831600,GEHC,GE HealthCare,Health Care,Health Care Equipment,"Chicago, Illinois",2023-01-04,1932393,1994
2024-01-17,72.64363861083984,74.1314580795216,71.91470252773628,74.1314580795216,3766900,GEHC,GE HealthCare,Health Care,Health Care Equipment,"Chicago, Illinois",2023-01-04,1932393,1994
2024-01-18,73.4124984741211,73.65215304029617,72.31410837632222,72.64362769113362,2421500,GEHC,GE HealthCare,Health Care,Health Care Equipment,"Chicago, Illinois",2023-01-04,1932393,1994
2024-01-19,74.00164794921875,74.01163546180776,73.09297475961806,73.337619299489,3704200,GEHC,GE HealthCare,Health Care,Health Care Equipment,"Chicago, Illinois",2023-01-04,1932393,1994
2024-01-22,74.53086853027344,75.33968179451585,74.06155449656846,74.17139427544578,2414900,GEHC,GE HealthCare,Health Care,Health Care Equipment,"Chicago, Illinois",2023-01-04,1932393,1994
2024-01-23,73.56228637695312,74.62074174736088,72.5787259211216,74.52088186125924,2850400,GEHC,GE HealthCare,Health Care,Health Care Equipment,"Chicago, Illinois",2023-01-04,1932393,1994
2024-01-24,71.44538879394531,73.59223915435437,71.20573421616164,73.53232931902821,3594400,GEHC,GE HealthCare,Health Care,Health Care Equipment,"Chicago, Illinois",2023-01-04,1932393,1994
2024-01-25,72.76345825195312,72.99311769875068,71.3155737511534,72.22424688112834,2126500,GEHC,GE HealthCare,Health Care,Health Care Equipment,"Chicago, Illinois",2023-01-04,1932393,1994
2024-01-26,73.04304504394531,73.18283973308961,72.36403900314188,72.89326284322236,2334500,GEHC,GE HealthCare,Health Care,Health Care Equipment,"Chicago, Illinois",2023-01-04,1932393,1994
2024-01-29,74.271240234375,74.31118266132353,72.39399187722807,72.80339603977126,2160100,GEHC,GE HealthCare,Health Care,Health Care Equipment,"Chicago, Illinois",2023-01-04,1932393,1994
2024-01-30,73.89179229736328,74.41102856688745,73.0130818342307,73.62219046127615,1673900,GEHC,GE HealthCare,Health Care,Health Care Equipment,"Chicago, Illinois",2023-01-04,1932393,1994
2024-01-31,73.25273895263672,74.3611166008217,72.84333476806417,73.82190523536096,3129600,GEHC,GE HealthCare,Health Care,Health Care Equipment,"Chicago, Illinois",2023-01-04,1932393,1994
2024-02-01,74.24128723144531,75.02014553141034,72.88327515316404,73.25273689827733,2593600,GEHC,GE HealthCare,Health Care,Health Care Equipment,"Chicago, Illinois",2023-01-04,1932393,1994
2024-02-02,73.80193328857422,74.25127225635535,72.41395872211305,73.9217529502551,2446600,GEHC,GE HealthCare,Health Care,Health Care Equipment,"Chicago, Illinois",2023-01-04,1932393,1994
2024-02-05,73.30266571044922,73.46242780166334,72.50383239966149,73.11294108503334,3365700,GEHC,GE HealthCare,Health Care,Health Care Equipment,"Chicago, Illinois",2023-01-04,1932393,1994
2024-02-06,81.84016418457031,82.98848427658781,76.44805807901297,76.63778271510196,12511200,GEHC,GE HealthCare,Health Care,Health Care Equipment,"Chicago, Illinois",2023-01-04,1932393,1994
2024-02-07,81.71035766601562,82.38736775966854,80.0527811057964,81.92004970949404,4278100,GEHC,GE HealthCare,Health Care,Health Care Equipment,"Chicago, Illinois",2023-01-04,1932393,1994
2024-02-08,81.94001007080078,82.01989492380267,80.31838412240911,81.41078625158133,2483800,GEHC,GE HealthCare,Health Care,Health Care Equipment,"Chicago, Illinois",2023-01-04,1932393,1994
2024-02-09,81.2210693359375,82.62901143527546,80.49214093329668,82.1696849142953,2755000,GEHC,GE HealthCare,Health Care,Health Care Equipment,"Chicago, Illinois",2023-01-04,1932393,1994
2024-02-12,83.04839324951172,83.18818794257638,81.27099705062741,81.50066411394187,2304300,GEHC,GE HealthCare,Health Care,Health Care Equipment,"Chicago, Illinois",2023-01-04,1932393,1994
2024-02-13,82.18965148925781,82.59606171377739,81.04133900753844,82.22959391914434,2529800,GEHC,GE HealthCare,Health Care,Health Care Equipment,"Chicago, Illinois",2023-01-04,1932393,1994
2024-02-14,83.04839324951172,83.31800274202169,82.21960498474316,82.4792269653944,2214800,GEHC,GE HealthCare,Health Care,Health Care Equipment,"Chicago, Illinois",2023-01-04,1932393,1994
2024-02-15,85.50479888916016,85.61463866923114,83.80229753453916,83.81727499379978,2346100,GEHC,GE HealthCare,Health Care,Health Care Equipment,"Chicago, Illinois",2023-01-04,1932393,1994
2024-02-16,85.89422607421875,87.16237346262923,83.3679264276593,83.3879014517033,13130900,GEHC,GE HealthCare,Health Care,Health Care Equipment,"Chicago, Illinois",2023-01-04,1932393,1994
2024-02-20,86.26368713378906,86.68307121642171,85.45487388610618,85.80436062163338,6372600,GEHC,GE HealthCare,Health Care,Health Care Equipment,"Chicago, Illinois",2023-01-04,1932393,1994
2024-02-21,84.85575103759766,85.08541048011136,81.94001468475777,82.8786427147859,5839800,GEHC,GE HealthCare,Health Care,Health Care Equipment,"Chicago, Illinois",2023-01-04,1932393,1994
2024-02-22,87.51185607910156,87.97118257336491,84.8807067258399,85.32505576189547,4154900,GEHC,GE HealthCare,Health Care,Health Care Equipment,"Chicago, Illinois",2023-01-04,1932393,1994
2024-02-23,88.93976593017578,89.59880456745196,87.10744989094525,87.2722095502643,3815600,GEHC,GE HealthCare,Health Care,Health Care Equipment,"Chicago, Illinois",2023-01-04,1932393,1994
2024-02-26,90.48750305175781,90.57736780184283,88.6601769509701,88.80995915268437,3805100,GEHC,GE HealthCare,Health Care,Health Care Equipment,"Chicago, Illinois",2023-01-04,1932393,1994
2024-02-27,92.38472747802734,92.4446449352334,89.35816072896647,89.87840271690598,3993400,GEHC,GE HealthCare,Health Care,Health Care Equipment,"Chicago, Illinois",2023-01-04,1932393,1994
2024-02-28,92.88399505615234,93.82162516038323,91.86548971782804,92.11512420075692,3431900,GEHC,GE HealthCare,Health Care,Health Care Equipment,"Chicago, Illinois",2023-01-04,1932393,1994
2024-02-29,91.14653778076172,93.20352340536307,88.74006541677271,93.17356848744977,6144000,GEHC,GE HealthCare,Health Care,Health Care Equipment,"Chicago, Illinois",2023-01-04,1932393,1994
2024-03-01,92.58443450927734,92.92393373559746,90.44256646601598,90.91687805902131,2695900,GEHC,GE HealthCare,Health Care,Health Care Equipment,"Chicago, Illinois",2023-01-04,1932393,1994
2024-03-04,92.59441375732422,93.36328451305369,92.28985942289968,92.80410578161408,2615200,GEHC,GE HealthCare,Health Care,Health Care Equipment,"Chicago, Illinois",2023-01-04,1932393,1994
2024-03-05,91.6757583618164,93.36328978071619,91.38618146862868,92.58443146991299,2804900,GEHC,GE HealthCare,Health Care,Health Care Equipment,"Chicago, Illinois",2023-01-04,1932393,1994
2024-03-06,92.9638671875,93.94243757858978,91.31627830216165,91.42611806906679,2521200,GEHC,GE HealthCare,Health Care,Health Care Equipment,"Chicago, Illinois",2023-01-04,1932393,1994
2024-03-07,92.52452087402344,93.41321895141266,91.85549472439938,93.06372460918429,3014400,GEHC,GE HealthCare,Health Care,Health Care Equipment,"Chicago, Illinois",2023-01-04,1932393,1994
2024-03-08,93.73274993896484,94.36182603664304,92.3547628418043,92.66431475312078,2852400,GEHC,GE HealthCare,Health Care,Health Care Equipment,"Chicago, Illinois",2023-01-04,1932393,1994
2024-03-11,92.864013671875,93.92246128234171,91.9952830594754,93.67282683698721,2123200,GEHC,GE HealthCare,Health Care,Health Care Equipment,"Chicago, Illinois",2023-01-04,1932393,1994
2024-03-12,91.68575286865234,92.36475896904628,91.56592557390994,92.05521464709489,3042200,GEHC,GE HealthCare,Health Care,Health Care Equipment,"Chicago, Illinois",2023-01-04,1932393,1994
2024-03-13,88.35063934326172,89.23433992562728,86.4234608348354,87.43197865837304,14434500,GEHC,GE HealthCare,Health Care,Health Care Equipment,"Chicago, Illinois",2023-01-04,1932393,1994
2024-03-14,88.20085906982422,88.90982010108348,87.6316927422927,87.9711919889915,4859000,GEHC,GE HealthCare,Health Care,Health Care Equipment,"Chicago, Illinois",2023-01-04,1932393,1994
2024-03-15,89.2792739868164,89.59880579824407,87.80143459756383,88.1209664089915,7309500,GEHC,GE HealthCare,Health Care,Health Care Equipment,"Chicago, Illinois",2023-01-04,1932393,1994
2024-03-18,90.4775161743164,90.82700290193993,89.36315060331131,89.7685552073546,2843900,GEHC,GE HealthCare,Health Care,Health Care Equipment,"Chicago, Illinois",2023-01-04,1932393,1994
2024-03-19,90.64727020263672,90.86694976163814,90.22788610903744,90.46753307420279,2996500,GEHC,GE HealthCare,Health Care,Health Care Equipment,"Chicago, Illinois",2023-01-04,1932393,1994
2024-03-20,90.75711059570312,90.9767901561897,90.01819467080804,90.3477140115379,2016900,GEHC,GE HealthCare,Health Care,Health Care Equipment,"Chicago, Illinois",2023-01-04,1932393,1994
2024-03-21,91.066650390625,92.04522085196129,90.98677315115539,91.11658033125292,2754900,GEHC,GE HealthCare,Health Care,Health Care Equipment,"Chicago, Illinois",2023-01-04,1932393,1994
2024-03-22,89.59880065917969,91.76562586921231,89.23932643966178,91.32626679685957,6178000,GEHC,GE HealthCare,Health Care,Health Care Equipment,"Chicago, Illinois",2023-01-04,1932393,1994
2024-03-25,88.15091705322266,89.9682555710497,88.12096213770315,89.67867869062948,2436000,GEHC,GE HealthCare,Health Care,Health Care Equipment,"Chicago, Illinois",2023-01-04,1932393,1994
2024-03-26,88.93976593017578,89.21236938370208,87.57176633410322,88.35063225585849,2845200,GEHC,GE HealthCare,Health Care,Health Care Equipment,"Chicago, Illinois",2023-01-04,1932393,1994
2024-03-27,90.1779556274414,90.55740490644557,89.5838243559393,89.82846888486358,2629100,GEHC,GE HealthCare,Health Care,Health Care Equipment,"Chicago, Illinois",2023-01-04,1932393,1994
2024-03-28,90.77708435058594,91.0167313140196,89.51892446063992,90.06811573593536,2108000,GEHC,GE HealthCare,Health Care,Health Care Equipment,"Chicago, Illinois",2023-01-04,1932393,1994
2024-04-01,89.39910125732422,91.3262798015171,89.05960201179053,91.17649758568285,1958200,GEHC,GE HealthCare,Health Care,Health Care Equipment,"Chicago, Illinois",2023-01-04,1932393,1994
2024-04-02,87.98117065429688,89.1095156832739,87.7315361915661,88.72008653087302,3010700,GEHC,GE HealthCare,Health Care,Health Care Equipment,"Chicago, Illinois",2023-01-04,1932393,1994
2024-04-03,88.89982604980469,89.91833895146858,87.98117303052153,88.12096772396725,4403900,GEHC,GE HealthCare,Health Care,Health Care Equipment,"Chicago, Illinois",2023-01-04,1932393,1994
2024-04-04,87.8313980102539,90.70718459127087,87.74153325064715,90.01819857956559,2728200,GEHC,GE HealthCare,Health Care,Health Care Equipment,"Chicago, Illinois",2023-01-04,1932393,1994
2024-04-05,88.34064483642578,89.36913760333357,87.72154862666338,87.83138839965734,1591900,GEHC,GE HealthCare,Health Care,Health Care Equipment,"Chicago, Illinois",2023-01-04,1932393,1994
2024-04-08,87.58175659179688,88.71509921936628,87.49189183929929,88.60026949620622,1692400,GEHC,GE HealthCare,Health Care,Health Care Equipment,"Chicago, Illinois",2023-01-04,1932393,1994
2024-04-09,86.81288146972656,88.11097607915416,86.32359244737766,88.00113630827902,4173400,GEHC,GE HealthCare,Health Care,Health Care Equipment,"Chicago, Illinois",2023-01-04,1932393,1994
2024-04-10,85.26515197753906,86.57323420873816,85.11536976659694,85.255164465279,2926100,GEHC,GE HealthCare,Health Care,Health Care Equipment,"Chicago, Illinois",2023-01-04,1932393,1994
2024-04-11,88.0810317993164,88.7899928307867,85.48483464871984,86.35356540920652,3071000,GEHC,GE HealthCare,Health Care,Health Care Equipment,"Chicago, Illinois",2023-01-04,1932393,1994
2024-04-12,86.15384674072266,87.40201908598866,85.92917724222265,86.9426925771195,2226800,GEHC,GE HealthCare,Health Care,Health Care Equipment,"Chicago, Illinois",2023-01-04,1932393,1994
2024-04-15,86.00407409667969,87.78147811325285,85.39496531501635,87.4719261568113,1983600,GEHC,GE HealthCare,Health Care,Health Care Equipment,"Chicago, Illinois",2023-01-04,1932393,1994
2024-04-16,85.75442504882812,86.31361140719034,85.22520122432019,85.70450272888225,1868200,GEHC,GE HealthCare,Health Care,Health Care Equipment,"Chicago, Illinois",2023-01-04,1932393,1994
2024-04-17,85.06543731689453,86.12388494328867,85.03548240191942,85.94414783519922,1711600,GEHC,GE HealthCare,Health Care,Health Care Equipment,"Chicago, Illinois",2023-01-04,1932393,1994
2024-04-18,84.87565612792969,86.02937247265648,84.52604626906147,85.24524042690894,1815300,GEHC,GE HealthCare,Health Care,Health Care Equipment,"Chicago, Illinois",2023-01-04,1932393,1994
2024-04-19,84.39617919921875,85.51493828188038,84.00661286937428,84.90561502321641,1891800,GEHC,GE HealthCare,Health Care,Health Care Equipment,"Chicago, Illinois",2023-01-04,1932393,1994
2024-04-22,84.21637725830078,84.9855264953768,84.08652435765538,84.71582204359906,2113700,GEHC,GE HealthCare,Health Care,Health Care Equipment,"Chicago, Illinois",2023-01-04,1932393,1994
2024-04-23,86.14424133300781,86.55378974779279,84.69585438802187,84.89562926977054,1951300,GEHC,GE HealthCare,Health Care,Health Care Equipment,"Chicago, Illinois",2023-01-04,1932393,1994
2024-04-24,86.62370300292969,87.18307871228346,85.70472644587065,86.01437976770255,2020300,GEHC,GE HealthCare,Health Care,Health Care Equipment,"Chicago, Illinois",2023-01-04,1932393,1994
2024-04-25,85.85456085205078,86.57876193224249,84.64590531141893,85.90450838203749,1362900,GEHC,GE HealthCare,Health Care,Health Care Equipment,"Chicago, Illinois",2023-01-04,1932393,1994
2024-04-26,86.14424133300781,86.80351216044025,85.06544630227246,85.26522118402113,1790600,GEHC,GE HealthCare,Health Care,Health Care Equipment,"Chicago, Illinois",2023-01-04,1932393,1994
2024-04-29,88.84124755859375,89.08097893978783,86.20417950268934,86.20417950268934,4353000,GEHC,GE HealthCare,Health Care,Health Care Equipment,"Chicago, Illinois",2023-01-04,1932393,1994
2024-04-30,76.15534210205078,82.20861835024914,75.99552372655526,80.95001530168392,14433600,GEHC,GE HealthCare,Health Care,Health Care Equipment,"Chicago, Illinois",2023-01-04,1932393,1994
2024-05-01,78.17310333251953,79.04213241938689,76.4150554778632,76.4350299169389,5303300,GEHC,GE HealthCare,Health Care,Health Care Equipment,"Chicago, Illinois",2023-01-04,1932393,1994
2024-05-02,77.74358367919922,79.28187466244023,77.10429490966051,79.10207421969977,2995700,GEHC,GE HealthCare,Health Care,Health Care Equipment,"Chicago, Illinois",2023-01-04,1932393,1994
2024-05-03,79.38175964355469,79.9711008637082,78.41283548886686,78.41283548886686,2722700,GEHC,GE HealthCare,Health Care,Health Care Equipment,"Chicago, Illinois",2023-01-04,1932393,1994
2024-05-06,79.71138763427734,79.91116249213876,78.56266314926839,79.5116051554936,2389700,GEHC,GE HealthCare,Health Care,Health Care Equipment,"Chicago, Illinois",2023-01-04,1932393,1994
2024-05-07,81.33958435058594,81.5893067626139,79.58153643605056,79.91117184894905,3225500,GEHC,GE HealthCare,Health Care,Health Care Equipment,"Chicago, Illinois",2023-01-04,1932393,1994
2024-05-08,81.01994323730469,81.48442328437604,80.16089749559083,80.92005579264753,2748400,GEHC,GE HealthCare,Health Care,Health Care Equipment,"Chicago, Illinois",2023-01-04,1932393,1994
2024-05-09,82.63814544677734,82.66811091741882,81.06988897551243,81.40950780401356,1952700,GEHC,GE HealthCare,Health Care,Health Care Equipment,"Chicago, Illinois",2023-01-04,1932393,1994
2024-05-10,83.30740356445312,83.38631060856194,82.61816722398554,83.07765557732269,1856300,GEHC,GE HealthCare,Health Care,Health Care Equipment,"Chicago, Illinois",2023-01-04,1932393,1994
2024-05-13,80.94002532958984,83.90672874380789,80.49052804540295,83.79685027506477,1885300,GEHC,GE HealthCare,Health Care,Health Care Equipment,"Chicago, Illinois",2023-01-04,1932393,1994
2024-05-14,80.43058776855469,81.59929440015381,80.21083845668248,80.91005813291879,2500700,GEHC,GE HealthCare,Health Care,Health Care Equipment,"Chicago, Illinois",2023-01-04,1932393,1994
2024-05-15,81.81905364990234,82.1486814375065,80.0510147284729,81.09985189345126,1956200,GEHC,GE HealthCare,Health Care,Health Care Equipment,"Chicago, Illinois",2023-01-04,1932393,1994
2024-05-16,81.21971130371094,81.8739827753149,80.81017052874326,81.40950276726245,1627100,GEHC,GE HealthCare,Health Care,Health Care Equipment,"Chicago, Illinois",2023-01-04,1932393,1994
2024-05-17,81.76910400390625,81.78907844288052,80.33070052822467,80.91005833047673,1321000,GEHC,GE HealthCare,Health Care,Health Care Equipment,"Chicago, Illinois",2023-01-04,1932393,1994
2024-05-20,81.65923309326172,82.57820978957093,81.37954519620443,81.87899004692775,1248500,GEHC,GE HealthCare,Health Care,Health Care Equipment,"Chicago, Illinois",2023-01-04,1932393,1994
2024-05-21,81.84901428222656,81.90894521808113,81.00994307564936,81.65922282412356,1150200,GEHC,GE HealthCare,Health Care,Health Care Equipment,"Chicago, Illinois",2023-01-04,1932393,1994
2024-05-22,80.53047943115234,81.79906582482408,80.2807570400347,81.47942146903038,1633600,GEHC,GE HealthCare,Health Care,Health Care Equipment,"Chicago, Illinois",2023-01-04,1932393,1994
2024-05-23,79.2419204711914,80.89008997419346,79.14203302696293,80.89008997419346,2034900,GEHC,GE HealthCare,Health Care,Health Care Equipment,"Chicago, Illinois",2023-01-04,1932393,1994
2024-05-24,79.76133728027344,80.17088569611032,78.82238618853518,79.75134624988337,1433900,GEHC,GE HealthCare,Health Care,Health Care Equipment,"Chicago, Illinois",2023-01-04,1932393,1994
2024-05-28,78.66255950927734,79.63148368385043,78.41283709813678,79.28187383243828,1854800,GEHC,GE HealthCare,Health Care,Health Care Equipment,"Chicago, Illinois",2023-01-04,1932393,1994
2024-05-29,78.3628921508789,78.8323715186479,77.82349843144586,77.98331681696439,2397000,GEHC,GE HealthCare,Health Care,Health Care Equipment,"Chicago, Illinois",2023-01-04,1932393,1994
2024-05-30,78.48275756835938,78.8423584432025,76.85457022237519,77.91339078667826,2751700,GEHC,GE HealthCare,Health Care,Health Care Equipment,"Chicago, Illinois",2023-01-04,1932393,1994
2024-05-31,77.91339111328125,78.64258389613734,76.8246050749977,78.64258389613734,7002100,GEHC,GE HealthCare,Health Care,Health Care Equipment,"Chicago, Illinois",2023-01-04,1932393,1994
2024-06-03,77.06433868408203,78.71250814493332,76.1653364671701,77.97332431051503,3059500,GEHC,GE HealthCare,Health Care,Health Care Equipment,"Chicago, Illinois",2023-01-04,1932393,1994
2024-06-04,77.43392181396484,77.73359175539592,76.16533531987606,76.96445008307683,1967200,GEHC,GE HealthCare,Health Care,Health Care Equipment,"Chicago, Illinois",2023-01-04,1932393,1994
2024-06-05,76.87454223632812,77.69363139853498,76.5349234324261,77.37398703330604,2637500,GEHC,GE HealthCare,Health Care,Health Care Equipment,"Chicago, Illinois",2023-01-04,1932393,1994
2024-06-06,76.91450500488281,77.0643399803757,75.67588394126014,76.56489514268166,2474900,GEHC,GE HealthCare,Health Care,Health Care Equipment,"Chicago, Illinois",2023-01-04,1932393,1994
2024-06-07,76.2552261352539,76.94446237742537,75.82571093612981,76.63480904934143,2357000,GEHC,GE HealthCare,Health Care,Health Care Equipment,"Chicago, Illinois",2023-01-04,1932393,1994
2024-06-10,75.69584655761719,75.92559450027535,75.13647086547171,75.88563800499035,2116100,GEHC,GE HealthCare,Health Care,Health Care Equipment,"Chicago, Illinois",2023-01-04,1932393,1994
2024-06-11,74.6570053100586,75.4661110546298,74.42726497365301,75.4661110546298,2655600,GEHC,GE HealthCare,Health Care,Health Care Equipment,"Chicago, Illinois",2023-01-04,1932393,1994
2024-06-12,75.8856430053711,76.14535643137592,74.9267099181103,75.11649375706679,3081600,GEHC,GE HealthCare,Health Care,Health Care Equipment,"Chicago, Illinois",2023-01-04,1932393,1994
2024-06-13,76.90451049804688,77.24413693520728,75.05656620629404,75.08653167585344,2530200,GEHC,GE HealthCare,Health Care,Health Care Equipment,"Chicago, Illinois",2023-01-04,1932393,1994
2024-06-14,76.40506744384766,76.52493694577099,75.02660246588395,76.11538852989203,2576800,GEHC,GE HealthCare,Health Care,Health Care Equipment,"Chicago, Illinois",2023-01-04,1932393,1994
2024-06-17,77.4638900756836,77.77354340718134,75.87565167858806,76.17532160133746,2190500,GEHC,GE HealthCare,Health Care,Health Care Equipment,"Chicago, Illinois",2023-01-04,1932393,1994
2024-06-18,78.18309020996094,78.63259512879605,77.0843131099028,77.22415705240529,2032500,GEHC,GE HealthCare,Health Care,Health Care Equipment,"Chicago, Illinois",2023-01-04,1932393,1994
2024-06-20,79.35179901123047,80.01106224041814,77.7635604492776,77.91339542620501,3408100,GEHC,GE HealthCare,Health Care,Health Care Equipment,"Chicago, Illinois",2023-01-04,1932393,1994
2024-06-21,79.08209228515625,80.01105997064477,78.4028470138214,79.74136311656507,5198000,GEHC,GE HealthCare,Health Care,Health Care Equipment,"Chicago, Illinois",2023-01-04,1932393,1994
2024-06-24,78.76243591308594,79.5515595362262,78.57265208944004,79.241906228497,2270100,GEHC,GE HealthCare,Health Care,Health Care Equipment,"Chicago, Illinois",2023-01-04,1932393,1994
2024-06-25,78.72248840332031,79.19196774341088,78.28298215336312,78.89230543038411,1848500,GEHC,GE HealthCare,Health Care,Health Care Equipment,"Chicago, Illinois",2023-01-04,1932393,1994
2024-06-26,77.91339111328125,79.20195965005013,77.87842631820016,78.7724368044605,2426200,GEHC,GE HealthCare,Health Care,Health Care Equipment,"Chicago, Illinois",2023-01-04,1932393,1994
2024-06-27,78.73248291015625,79.012170796368,77.80351521899676,77.92338472205466,2192600,GEHC,GE HealthCare,Health Care,Health Care Equipment,"Chicago, Illinois",2023-01-04,1932393,1994
2024-06-28,77.8334732055664,79.55955882738346,77.14424458679447,79.12204166107581,9422500,GEHC,GE HealthCare,Health Care,Health Care Equipment,"Chicago, Illinois",2023-01-04,1932393,1994
2024-07-01,76.17533111572266,78.26300694328245,76.13537461297061,78.26300694328245,3081400,GEHC,GE HealthCare,Health Care,Health Care Equipment,"Chicago, Illinois",2023-01-04,1932393,1994
2024-07-02,76.24525451660156,76.6248298684611,75.59597467135134,76.17533254070838,2171300,GEHC,GE HealthCare,Health Care,Health Care Equipment,"Chicago, Illinois",2023-01-04,1932393,1994
2024-07-03,77.15422821044922,77.26410667276251,76.22526060602394,76.28519916241831,1346700,GEHC,GE HealthCare,Health Care,Health Care Equipment,"Chicago, Illinois",2023-01-04,1932393,1994
2024-07-05,76.97443389892578,77.1642253708959,76.46500566509526,77.1142778400859,1689500,GEHC,GE HealthCare,Health Care,Health Care Equipment,"Chicago, Illinois",2023-01-04,1932393,1994
2024-07-08,76.26522827148438,77.55379691928158,76.22527176834448,76.91450811089092,1662000,GEHC,GE HealthCare,Health Care,Health Care Equipment,"Chicago, Illinois",2023-01-04,1932393,1994
2024-07-09,76.7846450805664,76.91449798297951,75.65589497303603,76.26521822906851,2152500,GEHC,GE HealthCare,Health Care,Health Care Equipment,"Chicago, Illinois",2023-01-04,1932393,1994
2024-07-10,79.0521240234375,79.13203702216649,76.8445788747795,76.8445788747795,2475300,GEHC,GE HealthCare,Health Care,Health Care Equipment,"Chicago, Illinois",2023-01-04,1932393,1994
2024-07-11,79.85123443603516,80.63036707905839,79.10206726067858,79.10206726067858,2540600,GEHC,GE HealthCare,Health Care,Health Care Equipment,"Chicago, Illinois",2023-01-04,1932393,1994
2024-07-12,80.19086456298828,81.23470247914025,79.85124572020959,80.20085559392992,2579000,GEHC,GE HealthCare,Health Care,Health Care Equipment,"Chicago, Illinois",2023-01-04,1932393,1994
2024-07-15,80.1009521484375,80.54045835007733,79.76132575256992,80.16088308026971,2483200,GEHC,GE HealthCare,Health Care,Health Care Equipment,"Chicago, Illinois",2023-01-04,1932393,1994
2024-07-16,82.54823303222656,82.8678773881521,80.10095664663316,80.36066244643838,3524300,GEHC,GE HealthCare,Health Care,Health Care Equipment,"Chicago, Illinois",2023-01-04,1932393,1994
2024-07-17,82.37843322753906,83.52715788509856,81.8689973562708,82.4982951118915,2567800,GEHC,GE HealthCare,Health Care,Health Care Equipment,"Chicago, Illinois",2023-01-04,1932393,1994
2024-07-18,80.89008331298828,83.41227346098265,80.8001792859397,81.85899982523117,3233900,GEHC,GE HealthCare,Health Care,Health Care Equipment,"Chicago, Illinois",2023-01-04,1932393,1994
2024-07-19,80.38046264648438,81.32476287479538,79.85085615979902,81.16987882194371,2428200,GEHC,GE HealthCare,Health Care,Health Care Equipment,"Chicago, Illinois",2023-01-04,1932393,1994
2024-07-22,81.16987609863281,81.31975896813965,80.04070765670006,81.01998560537879,2439400,GEHC,GE HealthCare,Health Care,Health Care Equipment,"Chicago, Illinois",2023-01-04,1932393,1994
2024-07-23,80.76017761230469,81.14988832865743,80.44041477776533,80.82013076135978,1529000,GEHC,GE HealthCare,Health Care,Health Care Equipment,"Chicago, Illinois",2023-01-04,1932393,1994
2024-07-24,79.63101196289062,81.42967493967683,79.57105119370827,80.94003979654438,2517000,GEHC,GE HealthCare,Health Care,Health Care Equipment,"Chicago, Illinois",2023-01-04,1932393,1994
2024-07-25,79.86083984375,80.99999538384688,79.67098566956525,80.35048262539034,2512400,GEHC,GE HealthCare,Health Care,Health Care Equipment,"Chicago, Illinois",2023-01-04,1932393,1994
2024-07-26,80.44041442871094,81.62753861633227,79.94078452542702,80.68023464763797,2532900,GEHC,GE HealthCare,Health Care,Health Care Equipment,"Chicago, Illinois",2023-01-04,1932393,1994
2024-07-29,81.98926544189453,82.39795926373186,80.4603916222206,80.62027684143364,2790400,GEHC,GE HealthCare,Health Care,Health Care Equipment,"Chicago, Illinois",2023-01-04,1932393,1994
2024-07-30,82.58882141113281,84.01776318538128,80.94004126796196,82.47890222667162,5269100,GEHC,GE HealthCare,Health Care,Health Care Equipment,"Chicago, Illinois",2023-01-04,1932393,1994
2024-07-31,84.56735229492188,88.18467543699988,79.9407822658356,80.04070671891847,8043400,GEHC,GE HealthCare,Health Care,Health Care Equipment,"Chicago, Illinois",2023-01-04,1932393,1994
2024-08-01,83.33827209472656,84.93708631232673,82.15914517979377,84.03775093250552,3561600,GEHC,GE HealthCare,Health Care,Health Care Equipment,"Chicago, Illinois",2023-01-04,1932393,1994
2024-08-02,83.37824249267578,83.46817221780212,80.73519597816642,82.73871681261909,2986200,GEHC,GE HealthCare,Health Care,Health Care Equipment,"Chicago, Illinois",2023-01-04,1932393,1994
2024-08-05,81.45965576171875,82.30903269301223,79.68097453271092,81.90932724718246,3589100,GEHC,GE HealthCare,Health Care,Health Care Equipment,"Chicago, Illinois",2023-01-04,1932393,1994
2024-08-06,81.48963928222656,82.86861505393955,81.10991568115911,82.04922232748739,2686700,GEHC,GE HealthCare,Health Care,Health Care Equipment,"Chicago, Illinois",2023-01-04,1932393,1994
2024-08-07,79.28126525878906,82.59881496236531,78.7216822358952,82.16913296300126,2401200,GEHC,GE HealthCare,Health Care,Health Care Equipment,"Chicago, Illinois",2023-01-04,1932393,1994
2024-08-08,82.25906372070312,82.33900633176845,79.62101854552364,79.86083875497259,1632600,GEHC,GE HealthCare,Health Care,Health Care Equipment,"Chicago, Illinois",2023-01-04,1932393,1994
2024-08-09,83.33827209472656,83.40821997850446,81.25481624532684,82.25906963894111,1584300,GEHC,GE HealthCare,Health Care,Health Care Equipment,"Chicago, Illinois",2023-01-04,1932393,1994
2024-08-12,82.30902862548828,83.13840842669595,81.64951352889881,83.13840842669595,1564400,GEHC,GE HealthCare,Health Care,Health Care Equipment,"Chicago, Illinois",2023-01-04,1932393,1994
2024-08-13,84.10769653320312,84.42745936804329,82.45891631891119,83.1284261868946,1766200,GEHC,GE HealthCare,Health Care,Health Care Equipment,"Chicago, Illinois",2023-01-04,1932393,1994
2024-08-14,83.40821075439453,84.16765028267356,82.68874253010353,84.12767897868554,1904600,GEHC,GE HealthCare,Health Care,Health Care Equipment,"Chicago, Illinois",2023-01-04,1932393,1994
2024-08-15,85.23686218261719,85.87638783116051,83.90784484709083,83.90784484709083,2319400,GEHC,GE HealthCare,Health Care,Health Care Equipment,"Chicago, Illinois",2023-01-04,1932393,1994
2024-08-16,84.73723602294922,85.08697543617977,84.09771034625693,84.86713705536415,1341700,GEHC,GE HealthCare,Health Care,Health Care Equipment,"Chicago, Illinois",2023-01-04,1932393,1994
2024-08-19,85.52664184570312,85.54663131082,84.08771293092205,84.63730124168141,1439000,GEHC,GE HealthCare,Health Care,Health Care Equipment,"Chicago, Illinois",2023-01-04,1932393,1994
2024-08-20,83.87786865234375,85.63656038190713,83.77793657501302,85.09696680780625,1464200,GEHC,GE HealthCare,Health Care,Health Care Equipment,"Chicago, Illinois",2023-01-04,1932393,1994
2024-08-21,84.41747283935547,84.57735044600096,83.47816617016572,84.57735044600096,984300,GEHC,GE HealthCare,Health Care,Health Care Equipment,"Chicago, Illinois",2023-01-04,1932393,1994
2024-08-22,84.30755615234375,84.71724872583066,83.8878612219761,84.71724872583066,944800,GEHC,GE HealthCare,Health Care,Health Care Equipment,"Chicago, Illinois",2023-01-04,1932393,1994
2024-08-23,84.71724700927734,85.50666318835175,83.88785952222794,84.9370853912661,1511800,GEHC,GE HealthCare,Health Care,Health Care Equipment,"Chicago, Illinois",2023-01-04,1932393,1994
2024-08-26,84.42745208740234,85.35676393722744,84.10768928013708,84.57734257100253,1475100,GEHC,GE HealthCare,Health Care,Health Care Equipment,"Chicago, Illinois",2023-01-04,1932393,1994
2024-08-27,84.34752655029297,84.63730519429596,83.9678029328107,84.46743285160524,1208100,GEHC,GE HealthCare,Health Care,Health Care Equipment,"Chicago, Illinois",2023-01-04,1932393,1994
2024-08-28,83.86787414550781,84.35750930600783,83.26831979864596,84.35750930600783,1131300,GEHC,GE HealthCare,Health Care,Health Care Equipment,"Chicago, Illinois",2023-01-04,1932393,1994
2024-08-29,84.01776123046875,84.93707836661999,83.61805580752353,84.18763355750275,1264700,GEHC,GE HealthCare,Health Care,Health Care Equipment,"Chicago, Illinois",2023-01-04,1932393,1994
2024-08-30,84.75721740722656,84.81717055667161,83.52812447737124,84.38748853023816,1838600,GEHC,GE HealthCare,Health Care,Health Care Equipment,"Chicago, Illinois",2023-01-04,1932393,1994
2024-09-03,84.73723602294922,85.50366659931748,84.26758268643357,84.49740817637904,1963900,GEHC,GE HealthCare,Health Care,Health Care Equipment,"Chicago, Illinois",2023-01-04,1932393,1994
2024-09-04,87.48519897460938,87.6550713117549,84.14766726166148,84.14766726166148,2008000,GEHC,GE HealthCare,Health Care,Health Care Equipment,"Chicago, Illinois",2023-01-04,1932393,1994
2024-09-05,87.22538757324219,88.43449099859937,86.61583849431253,87.3353067595244,2321000,GEHC,GE HealthCare,Health Care,Health Care Equipment,"Chicago, Illinois",2023-01-04,1932393,1994
2024-09-06,85.02700805664062,87.68504263817641,84.94707307107507,87.16543092513953,2696500,GEHC,GE HealthCare,Health Care,Health Care Equipment,"Chicago, Illinois",2023-01-04,1932393,1994
2024-09-09,85.05699157714844,86.39599596563161,84.65728615750905,85.29681177943337,1659600,GEHC,GE HealthCare,Health Care,Health Care Equipment,"Chicago, Illinois",2023-01-04,1932393,1994
2024-09-10,85.4866714477539,85.6665385009409,84.7771903430327,85.14691918118001,1558900,GEHC,GE HealthCare,Health Care,Health Care Equipment,"Chicago, Illinois",2023-01-04,1932393,1994
2024-09-11,87.12545776367188,87.34529612272236,83.07845283250678,85.19688619165628,2630300,GEHC,GE HealthCare,Health Care,Health Care Equipment,"Chicago, Illinois",2023-01-04,1932393,1994
2024-09-12,87.395263671875,87.40525840480771,85.97631654532984,86.95558690780567,1394300,GEHC,GE HealthCare,Health Care,Health Care Equipment,"Chicago, Illinois",2023-01-04,1932393,1994
2024-09-13,86.84567260742188,87.08549282402711,85.64655627690121,86.5458916188549,10515100,GEHC,GE HealthCare,Health Care,Health Care Equipment,"Chicago, Illinois",2023-01-04,1932393,1994
2024-09-16,86.57586669921875,87.18541577470673,85.79145173653978,87.08549132149086,4680200,GEHC,GE HealthCare,Health Care,Health Care Equipment,"Chicago, Illinois",2023-01-04,1932393,1994
2024-09-17,86.72576141357422,88.12472669795287,86.28608464952015,86.57587091457874,3144200,GEHC,GE HealthCare,Health Care,Health Care Equipment,"Chicago, Illinois",2023-01-04,1932393,1994
2024-09-18,88.46446228027344,89.62360722127225,86.9306025659522,87.35528337504917,3508400,GEHC,GE HealthCare,Health Care,Health Care Equipment,"Chicago, Illinois",2023-01-04,1932393,1994
2024-09-19,90.55292510986328,90.72279744483073,88.70428839537412,89.60362373306532,3128100,GEHC,GE HealthCare,Health Care,Health Care Equipment,"Chicago, Illinois",2023-01-04,1932393,1994
2024-09-20,90.21317291259766,91.06254221208988,89.5286823938373,90.28312079317355,9492300,GEHC,GE HealthCare,Health Care,Health Care Equipment,"Chicago, Illinois",2023-01-04,1932393,1994
2024-09-23,90.81272888183594,91.54618674194137,90.26314056001796,90.43301289819367,2908800,GEHC,GE HealthCare,Health Care,Health Care Equipment,"Chicago, Illinois",2023-01-04,1932393,1994
2024-09-24,92.14173889160156,92.27163991209817,89.7335269039539,90.9326355317976,3537800,GEHC,GE HealthCare,Health Care,Health Care Equipment,"Chicago, Illinois",2023-01-04,1932393,1994
2024-09-25,92.94115447998047,93.460766212292,92.0817904573618,92.72131610809005,4044700,GEHC,GE HealthCare,Health Care,Health Care Equipment,"Chicago, Illinois",2023-01-04,1932393,1994
2024-09-26,92.4215316772461,92.65136477303686,89.31383326050242,90.95261863234674,5273200,GEHC,GE HealthCare,Health Care,Health Care Equipment,"Chicago, Illinois",2023-01-04,1932393,1994
2024-09-27,91.92190551757812,94.48001575216321,91.82198106379487,92.61139720905283,12623800,GEHC,GE HealthCare,Health Care,Health Care Equipment,"Chicago, Illinois",2023-01-04,1932393,1994
2024-09-30,93.78052520751953,94.25017850578644,92.32160689989591,92.44152081341517,3977300,GEHC,GE HealthCare,Health Care,Health Care Equipment,"Chicago, Illinois",2023-01-04,1932393,1994
2024-10-01,91.60214233398438,93.75055238880819,91.08253060208952,93.75055238880819,2615400,GEHC,GE HealthCare,Health Care,Health Care Equipment,"Chicago, Illinois",2023-01-04,1932393,1994
2024-10-02,90.97261047363281,92.41154698358169,90.90266259460736,91.56217007916923,1763400,GEHC,GE HealthCare,Health Care,Health Care Equipment,"Chicago, Illinois",2023-01-04,1932393,1994
2024-10-03,89.81346893310547,90.77275743537359,89.4537347917865,90.44300749228731,2592900,GEHC,GE HealthCare,Health Care,Health Care Equipment,"Chicago, Illinois",2023-01-04,1932393,1994
2024-10-04,91.35232543945312,91.40229147695734,89.85343579928983,90.57290404636773,1988600,GEHC,GE HealthCare,Health Care,Health Care Equipment,"Chicago, Illinois",2023-01-04,1932393,1994
2024-10-07,89.99333190917969,91.23241950567798,89.64858607078891,90.9326385269694,2623400,GEHC,GE HealthCare,Health Care,Health Care Equipment,"Chicago, Illinois",2023-01-04,1932393,1994
2024-10-08,90.62287139892578,90.94962519790465,89.79348395630069,90.17319992610332,2075400,GEHC,GE HealthCare,Health Care,Health Care Equipment,"Chicago, Illinois",2023-01-04,1932393,1994
2024-10-09,90.70281219482422,90.95262715447298,89.92839191891109,90.73279639393002,2122900,GEHC,GE HealthCare,Health Care,Health Care Equipment,"Chicago, Illinois",2023-01-04,1932393,1994
2024-10-10,90.18319702148438,90.79274610986732,89.72853198242464,90.23316306102288,2269300,GEHC,GE HealthCare,Health Care,Health Care Equipment,"Chicago, Illinois",2023-01-04,1932393,1994
2024-10-11,90.96261596679688,91.54218846515734,90.32309032162225,90.61287657080248,1372100,GEHC,GE HealthCare,Health Care,Health Care Equipment,"Chicago, Illinois",2023-01-04,1932393,1994
2024-10-14,91.55218505859375,91.7320521264396,90.50295922553508,90.98260728103975,1342800,GEHC,GE HealthCare,Health Care,Health Care Equipment,"Chicago, Illinois",2023-01-04,1932393,1994
2024-10-15,90.64285278320312,91.88693394087161,90.54292833099512,91.82197961625026,2474300,GEHC,GE HealthCare,Health Care,Health Care Equipment,"Chicago, Illinois",2023-01-04,1932393,1994
2024-10-16,90.15321350097656,91.05254877714532,89.89839739220986,90.97260616954216,1823100,GEHC,GE HealthCare,Health Care,Health Care Equipment,"Chicago, Illinois",2023-01-04,1932393,1994
2024-10-17,90.75276947021484,90.85269391967289,90.19318645425236,90.67282686114969,1711100,GEHC,GE HealthCare,Health Care,Health Care Equipment,"Chicago, Illinois",2023-01-04,1932393,1994
2024-10-18,91.30254364013672,91.54245072237944,89.9481035097892,90.02306970657368,1609500,GEHC,GE HealthCare,Health Care,Health Care Equipment,"Chicago, Illinois",2023-01-04,1932393,1994
2024-10-21,89.76318359375,91.41250096597022,89.48329199222849,90.85273301545992,1675400,GEHC,GE HealthCare,Health Care,Health Care Equipment,"Chicago, Illinois",2023-01-04,1932393,1994
2024-10-22,89.27337646484375,89.52327395366149,87.65904082243568,89.2234015428399,2210200,GEHC,GE HealthCare,Health Care,Health Care Equipment,"Chicago, Illinois",2023-01-04,1932393,1994
2024-10-23,89.25338745117188,90.32294839142912,88.0738710064359,88.6136504939862,2116600,GEHC,GE HealthCare,Health Care,Health Care Equipment,"Chicago, Illinois",2023-01-04,1932393,1994
2024-10-24,88.8635482788086,89.9431072575246,88.5636682426321,89.5232736816243,1291700,GEHC,GE HealthCare,Health Care,Health Care Equipment,"Chicago, Illinois",2023-01-04,1932393,1994
2024-10-25,88.38374328613281,89.61324230435923,88.26379737058524,89.22340282629712,2035500,GEHC,GE HealthCare,Health Care,Health Care Equipment,"Chicago, Illinois",2023-01-04,1932393,1994
2024-10-28,85.89476776123047,86.92933943059053,84.86519129634213,86.62447180622107,4223700,GEHC,GE HealthCare,Health Care,Health Care Equipment,"Chicago, Illinois",2023-01-04,1932393,1994
2024-10-29,85.23503112792969,86.66444505220615,84.97514323352746,85.62487822206513,3762300,GEHC,GE HealthCare,Health Care,Health Care Equipment,"Chicago, Illinois",2023-01-04,1932393,1994
2024-10-30,87.16424560546875,90.12303873885035,85.76482569595026,89.69321473056495,4700400,GEHC,GE HealthCare,Health Care,Health Care Equipment,"Chicago, Illinois",2023-01-04,1932393,1994
2024-10-31,87.3141860961914,88.10885832609405,85.96474110411272,86.08469465110932,3259500,GEHC,GE HealthCare,Health Care,Health Care Equipment,"Chicago, Illinois",2023-01-04,1932393,1994
2024-11-01,86.91434478759766,88.40373933289435,86.684443365348,87.17424031499255,3383300,GEHC,GE HealthCare,Health Care,Health Care Equipment,"Chicago, Illinois",2023-01-04,1932393,1994
2024-11-04,86.95433044433594,87.88394943313314,86.51451603788685,87.56408094377637,1431700,GEHC,GE HealthCare,Health Care,Health Care Equipment,"Chicago, Illinois",2023-01-04,1932393,1994
2024-11-05,88.13385009765625,88.15384616873483,86.77440706244404,86.77440706244404,1656200,GEHC,GE HealthCare,Health Care,Health Care Equipment,"Chicago, Illinois",2023-01-04,1932393,1994
2024-11-06,86.74441528320312,89.96309616624238,85.04011257552766,89.88312713934629,4163100,GEHC,GE HealthCare,Health Care,Health Care Equipment,"Chicago, Illinois",2023-01-04,1932393,1994
2024-11-07,88.29378509521484,88.84355501051922,86.90035183806269,87.07428409483344,2497300,GEHC,GE HealthCare,Health Care,Health Care Equipment,"Chicago, Illinois",2023-01-04,1932393,1994
2024-11-08,85.9047622680664,89.0734605617291,85.80479717260667,88.76359011934888,10190500,GEHC,GE HealthCare,Health Care,Health Care Equipment,"Chicago, Illinois",2023-01-04,1932393,1994
2024-11-11,85.35498809814453,87.11426860481323,84.43536714344334,86.96432858200478,4367000,GEHC,GE HealthCare,Health Care,Health Care Equipment,"Chicago, Illinois",2023-01-04,1932393,1994
2024-11-12,84.88517761230469,85.87477716407577,84.68526267071834,85.38497259253673,3918900,GEHC,GE HealthCare,Health Care,Health Care Equipment,"Chicago, Illinois",2023-01-04,1932393,1994
2024-11-13,84.1454849243164,85.36998112606005,83.22086114117954,85.08510194707029,3014800,GEHC,GE HealthCare,Health Care,Health Care Equipment,"Chicago, Illinois",2023-01-04,1932393,1994
2024-11-14,82.88600158691406,84.65528017079838,82.66609056507384,83.61570564790512,3061100,GEHC,GE HealthCare,Health Care,Health Care Equipment,"Chicago, Illinois",2023-01-04,1932393,1994
2024-11-15,81.72647857666016,82.78604151086091,81.48657149149801,82.77604347574591,3768400,GEHC,GE HealthCare,Health Care,Health Care Equipment,"Chicago, Illinois",2023-01-04,1932393,1994
2024-11-18,82.68608093261719,83.45076662546559,81.85142424912469,81.86641748810086,2918000,GEHC,GE HealthCare,Health Care,Health Care Equipment,"Chicago, Illinois",2023-01-04,1932393,1994
2024-11-19,82.48616027832031,83.19587586219332,81.67649484980353,81.96637685382876,2513600,GEHC,GE HealthCare,Health Care,Health Care Equipment,"Chicago, Illinois",2023-01-04,1932393,1994
2024-11-20,84.86518859863281,85.25502807049403,82.37621174914969,82.46617118437945,6103400,GEHC,GE HealthCare,Health Care,Health Care Equipment,"Chicago, Illinois",2023-01-04,1932393,1994
2024-11-21,81.96637725830078,85.22504268465606,81.80643920304266,84.56530964611561,4930600,GEHC,GE HealthCare,Health Care,Health Care Equipment,"Chicago, Illinois",2023-01-04,1932393,1994
2024-11-22,82.40619659423828,82.5461385748883,80.52696263762498,81.92639007039111,5934900,GEHC,GE HealthCare,Health Care,Health Care Equipment,"Chicago, Illinois",2023-01-04,1932393,1994
2024-11-25,82.62611389160156,83.46576583943826,81.86642334860653,83.32582384813215,5272900,GEHC,GE HealthCare,Health Care,Health Care Equipment,"Chicago, Illinois",2023-01-04,1932393,1994
2024-11-26,82.4761734008789,83.3957943746506,82.35621985489135,82.74605934651775,2040900,GEHC,GE HealthCare,Health Care,Health Care Equipment,"Chicago, Illinois",2023-01-04,1932393,1994
2024-11-27,82.9659652709961,83.8705929492303,82.68408322544819,82.81602525428929,1808000,GEHC,GE HealthCare,Health Care,Health Care Equipment,"Chicago, Illinois",2023-01-04,1932393,1994
2024-11-29,83.18588256835938,83.47576458890629,82.85601603191633,83.21586904871481,1277700,GEHC,GE HealthCare,Health Care,Health Care Equipment,"Chicago, Illinois",2023-01-04,1932393,1994
2024-12-02,83.04593658447266,83.21586504916405,82.35621706438069,82.85601204966096,2247000,GEHC,GE HealthCare,Health Care,Health Care Equipment,"Chicago, Illinois",2023-01-04,1932393,1994
2024-12-03,82.53614807128906,83.02594504825613,82.00036470629378,82.44618862963388,2026700,GEHC,GE HealthCare,Health Care,Health Care Equipment,"Chicago, Illinois",2023-01-04,1932393,1994
2024-12-04,82.97596740722656,83.17588235520661,82.46617437573107,82.58612792027897,1932700,GEHC,GE HealthCare,Health Care,Health Care Equipment,"Chicago, Illinois",2023-01-04,1932393,1994
2024-12-05,81.53156280517578,83.29583858867242,81.32664501980798,82.7260725796433,2269200,GEHC,GE HealthCare,Health Care,Health Care Equipment,"Chicago, Illinois",2023-01-04,1932393,1994
2024-12-06,81.2066879272461,81.93639196898864,80.4370069973749,81.33663950559641,3177200,GEHC,GE HealthCare,Health Care,Health Care Equipment,"Chicago, Illinois",2023-01-04,1932393,1994
2024-12-09,81.86642456054688,82.08633558621675,81.0267649740134,81.32664503197535,2372600,GEHC,GE HealthCare,Health Care,Health Care Equipment,"Chicago, Illinois",2023-01-04,1932393,1994
2024-12-10,82.32623291015625,82.96596989927828,81.61152209536534,82.38620586967816,3124600,GEHC,GE HealthCare,Health Care,Health Care Equipment,"Chicago, Illinois",2023-01-04,1932393,1994
2024-12-11,82.71607208251953,83.29583610989734,81.74646856721063,82.01636213655767,3890100,GEHC,GE HealthCare,Health Care,Health Care Equipment,"Chicago, Illinois",2023-01-04,1932393,1994
2024-12-12,81.59652709960938,82.58612666802466,80.80685010240913,82.29624465946257,2370000,GEHC,GE HealthCare,Health Care,Health Care Equipment,"Chicago, Illinois",2023-01-04,1932393,1994
2024-12-13,81.0667495727539,81.45658907274164,80.58695063104594,81.3666296310214,2836000,GEHC,GE HealthCare,Health Care,Health Care Equipment,"Chicago, Illinois",2023-01-04,1932393,1994
2024-12-16,80.257080078125,81.74646700682362,80.0571575071903,80.72688858698868,2908800,GEHC,GE HealthCare,Health Care,Health Care Equipment,"Chicago, Illinois",2023-01-04,1932393,1994
2024-12-17,79.2175064086914,80.79686041723801,79.17752189409026,80.30705583307375,3557100,GEHC,GE HealthCare,Health Care,Health Care Equipment,"Chicago, Illinois",2023-01-04,1932393,1994
2024-12-18,77.05838775634766,80.33704929080173,76.9484398749142,79.33745931263394,3264100,GEHC,GE HealthCare,Health Care,Health Care Equipment,"Chicago, Illinois",2023-01-04,1932393,1994
2024-12-19,77.39825439453125,78.14794689830383,76.91844783655954,77.27830084847169,3384400,GEHC,GE HealthCare,Health Care,Health Care Equipment,"Chicago, Illinois",2023-01-04,1932393,1994
2024-12-20,78.87764739990234,78.99759331428544,76.85947045097228,77.53819288791705,11179900,GEHC,GE HealthCare,Health Care,Health Care Equipment,"Chicago, Illinois",2023-01-04,1932393,1994
2024-12-23,79.24748992919922,79.31746092057212,77.49820751861076,78.74769495474537,2495700,GEHC,GE HealthCare,Health Care,Health Care Equipment,"Chicago, Illinois",2023-01-04,1932393,1994
2024-12-24,79.32746124267578,79.7572852381499,78.70271750659515,79.50738774371766,1035700,GEHC,GE HealthCare,Health Care,Health Care Equipment,"Chicago, Illinois",2023-01-04,1932393,1994
2024-12-26,79.67731475830078,80.14712325947843,78.94261552795123,79.06756427289142,1622000,GEHC,GE HealthCare,Health Care,Health Care Equipment,"Chicago, Illinois",2023-01-04,1932393,1994
2024-12-27,79.47740173339844,79.83725473760484,78.8576531980949,79.2874771961044,1533000,GEHC,GE HealthCare,Health Care,Health Care Equipment,"Chicago, Illinois",2023-01-04,1932393,1994
2024-12-30,78.5677719116211,79.12754749347017,77.56818191878554,79.08756297860478,1850600,GEHC,GE HealthCare,Health Care,Health Care Equipment,"Chicago, Illinois",2023-01-04,1932393,1994
2024-12-31,78.14794158935547,79.23749096021226,77.93802861771148,78.967605032746,1877800,GEHC,GE HealthCare,Health Care,Health Care Equipment,"Chicago, Illinois",2023-01-04,1932393,1994
